Directory,Status,Duration,SUs,Failure Reason,Vol Error (AF),Vol Error (%),Max WSEL Err,Start Time,End Time,Failure Info,Max WSE (ft),Max Depth (ft),Max Velocity (ft/s),Max Volume (ft^3),Max Flow Balance (ft^3/s),Max Stage BC (ft),Max Inflow BC (cfs),Max Cum PRCP (inc),Max Cum PRCP (in)
S0113,SUCCESS,6.25,28,,18697.,0.3184,0.11,Jul 21 02:11,Jul 21 08:26,N/A,N/A,N/A,N/A,N/A,N/A,N/A,N/A,,N/A
S0114,SUCCESS,6.951944444444445,28,,20148.,0.3456,0.16,Jul 21 02:11,Jul 21 09:08,N/A,N/A,N/A,N/A,N/A,N/A,N/A,N/A,,N/A
S0115,SUCCESS,8.42361111111111,36,,30488.,0.4323,0.12,Mar 15 18:21,Mar 16 02:47,N/A,N/A,N/A,N/A,N/A,N/A,N/A,N/A,,N/A
S0116,SUCCESS,7.495555555555556,32,,26012.,0.3589,1.54,Jul 21 02:10,Jul 21 09:40,N/A,N/A,N/A,N/A,N/A,N/A,N/A,N/A,,N/A
S0117,SUCCESS,6.801944444444445,28,,17745.,0.2910,0.11,Jul 21 02:12,Jul 21 09:00,N/A,N/A,N/A,N/A,N/A,N/A,N/A,N/A,,N/A
S0118,SUCCESS,11.523055555555556,48,,22108.,0.2726,0.17,Mar 15 18:20,Mar 16 05:51,N/A,N/A,N/A,N/A,N/A,N/A,N/A,N/A,,N/A
S0119,SUCCESS,6.362777777777778,28,,15188.,0.2810,0.18,Jul 21 02:11,Jul 21 08:33,N/A,N/A,N/A,N/A,N/A,N/A,N/A,N/A,,N/A
S0120,SUCCESS,5.825833333333333,24,,13490.,0.2555,0.07,Jul 21 02:10,Jul 21 07:59,N/A,N/A,N/A,N/A,N/A,N/A,N/A,N/A,,N/A
S0121,SUCCESS,8.709166666666667,36,,80692.,1.140,1.18,Jul 21 02:15,Jul 21 10:57,N/A,N/A,N/A,N/A,N/A,N/A,N/A,N/A,,N/A
S0122,SUCCESS,9.0825,40,,43502.,0.5939,0.18,Mar 15 18:27,Mar 16 03:32,N/A,N/A,N/A,N/A,N/A,N/A,N/A,N/A,,N/A
S0123,SUCCESS,9.237777777777778,40,,69748.,0.9557,0.20,Mar 15 18:28,Mar 16 03:42,N/A,N/A,N/A,N/A,N/A,N/A,N/A,N/A,,N/A
S0124,SUCCESS,7.4863888888888885,32,,23435.,0.3513,0.13,Jul 21 02:14,Jul 21 09:43,N/A,N/A,N/A,N/A,N/A,N/A,N/A,N/A,,N/A
S0125,SUCCESS,4.763888888888889,20,,11914.,0.2473,0.18,Jul 21 02:10,Jul 21 06:56,N/A,N/A,N/A,N/A,N/A,N/A,N/A,N/A,,N/A
S0126,SUCCESS,6.965833333333333,28,,12885.,0.1828,1.87,Jul 21 02:10,Jul 21 09:08,N/A,N/A,N/A,N/A,N/A,N/A,N/A,N/A,,N/A
S0127,SUCCESS,6.105277777777777,28,,11827.,0.2092,0.18,Jul 21 02:09,Jul 21 08:16,N/A,N/A,N/A,N/A,N/A,N/A,N/A,N/A,,N/A
S0128,SUCCESS,8.584722222222222,36,,17669.,0.3093,0.11,Jul 21 02:13,Jul 21 10:48,N/A,N/A,N/A,N/A,N/A,N/A,N/A,N/A,,N/A
S0129,SUCCESS,8.5325,36,,24631.,0.4045,4.52,Jul 21 02:12,Jul 21 10:44,N/A,N/A,N/A,N/A,N/A,N/A,N/A,N/A,,N/A
S0130,SUCCESS,11.283888888888889,48,,135529.,1.675,4.95,Jul 21 02:17,Jul 21 13:34,N/A,N/A,N/A,N/A,N/A,N/A,N/A,N/A,,N/A
S0131,SUCCESS,9.540555555555555,40,,113642.,1.412,5.71,Mar 15 18:23,Mar 16 03:56,N/A,N/A,N/A,N/A,N/A,N/A,N/A,N/A,,N/A
S0132,SUCCESS,10.383055555555556,44,,31430.,0.4086,0.20,Jul 21 02:16,Jul 21 12:39,N/A,N/A,N/A,N/A,N/A,N/A,N/A,N/A,,N/A
S0133,SUCCESS,6.656666666666667,28,,19087.,0.3296,0.31,Jul 21 02:30,Jul 21 09:09,N/A,N/A,N/A,N/A,N/A,N/A,N/A,N/A,,N/A
S0134,SUCCESS,5.488888888888889,24,,12268.,0.2402,0.18,Jul 21 02:29,Jul 21 07:59,N/A,N/A,N/A,N/A,N/A,N/A,N/A,N/A,,N/A
S0135,SUCCESS,7.118333333333333,32,,12147.,0.2046,0.22,Jul 21 02:30,Jul 21 09:37,N/A,N/A,N/A,N/A,N/A,N/A,N/A,N/A,,N/A
S0136,SUCCESS,7.680833333333334,32,,17690.,0.2674,0.12,Jul 21 02:34,Jul 21 10:15,N/A,N/A,N/A,N/A,N/A,N/A,N/A,N/A,,N/A
S0137,SUCCESS,10.1775,44,,23820.,0.3415,0.43,Mar 15 18:22,Mar 16 04:33,N/A,N/A,N/A,N/A,N/A,N/A,N/A,N/A,,N/A
S0138,SUCCESS,10.137777777777778,44,,46402.,0.6215,4.18,Jul 21 02:33,Jul 21 12:42,N/A,N/A,N/A,N/A,N/A,N/A,N/A,N/A,,N/A
S0139,SUCCESS,6.4319444444444445,28,,16599.,0.2837,4.18,Jul 21 02:30,Jul 21 08:56,N/A,N/A,N/A,N/A,N/A,N/A,N/A,N/A,,N/A
S0140,SUCCESS,11.613333333333333,48,,27373.,0.2927,2.74,Jul 21 02:36,Jul 21 14:12,N/A,N/A,N/A,N/A,N/A,N/A,N/A,N/A,,N/A
S0141,SUCCESS,10.575555555555555,44,,17288.,0.3036,0.18,Jul 21 02:32,Jul 21 13:07,N/A,N/A,N/A,N/A,N/A,N/A,N/A,N/A,,N/A
S0142,SUCCESS,10.827777777777778,44,,16314.,0.2109,1.43,Jul 21 02:31,Jul 21 13:21,N/A,N/A,N/A,N/A,N/A,N/A,N/A,N/A,,N/A
S0143,SUCCESS,8.606944444444444,36,,12573.,0.2181,0.38,Jul 21 02:30,Jul 21 11:06,N/A,N/A,N/A,N/A,N/A,N/A,N/A,N/A,,N/A
S0144,SUCCESS,12.470555555555556,52,,20268.,0.3066,0.10,Jul 21 02:35,Jul 21 15:03,N/A,N/A,N/A,N/A,N/A,N/A,N/A,N/A,,N/A
S0145,SUCCESS,9.818055555555555,40,,19735.,0.2726,6.38,Jul 21 02:33,Jul 21 12:23,N/A,N/A,N/A,N/A,N/A,N/A,N/A,N/A,,N/A
S0146,SUCCESS,10.464166666666666,44,,21769.,0.2883,5.52,Jul 21 02:35,Jul 21 13:03,N/A,N/A,N/A,N/A,N/A,N/A,N/A,N/A,,N/A
S0147,SUCCESS,10.269722222222223,44,,21003.,0.2646,4.56,Jul 21 02:35,Jul 21 12:51,N/A,N/A,N/A,N/A,N/A,N/A,N/A,N/A,,N/A
S0148,SUCCESS,12.064166666666667,52,,22955.,0.2201,2.67,Mar 15 18:16,Mar 16 06:20,N/A,N/A,N/A,N/A,N/A,N/A,N/A,N/A,,N/A
S0149,SUCCESS,7.110555555555555,32,,12985.,0.2052,2.93,Jul 21 02:30,Jul 21 09:37,N/A,N/A,N/A,N/A,N/A,N/A,N/A,N/A,,N/A
S0150,SUCCESS,8.830833333333333,36,,16835.,0.2104,1.77,Jul 21 02:32,Jul 21 11:22,N/A,N/A,N/A,N/A,N/A,N/A,N/A,N/A,,N/A
S0151,SUCCESS,4.188888888888889,20,,8539.,0.1869,0.46,Jul 21 02:29,Jul 21 06:41,N/A,N/A,N/A,N/A,N/A,N/A,N/A,N/A,,N/A
S0152,SUCCESS,8.178888888888888,36,,17562.,0.2661,0.20,Jul 21 02:34,Jul 21 10:44,N/A,N/A,N/A,N/A,N/A,N/A,N/A,N/A,,N/A
S0153,SUCCESS,7.472777777777778,32,,15015.,0.2595,4.34,Jul 21 02:38,Jul 21 10:07,N/A,N/A,N/A,N/A,N/A,N/A,N/A,N/A,,N/A
S0154,SUCCESS,11.301666666666668,48,,24813.,0.3186,3.87,Jul 21 02:44,Jul 21 14:02,N/A,N/A,N/A,N/A,N/A,N/A,N/A,N/A,,N/A
S0155,SUCCESS,6.579444444444444,28,,12803.,0.2222,1.46,Jul 21 02:38,Jul 21 09:13,N/A,N/A,N/A,N/A,N/A,N/A,N/A,N/A,,N/A
S0156,SUCCESS,4.2411111111111115,20,,7750.,0.1546,2.08,Jul 21 02:37,Jul 21 06:52,N/A,N/A,N/A,N/A,N/A,N/A,N/A,N/A,,N/A
S0157,SUCCESS,6.920833333333333,28,,11915.,0.1690,2.36,Jul 21 02:38,Jul 21 09:33,N/A,N/A,N/A,N/A,N/A,N/A,N/A,N/A,,N/A
S0158,SUCCESS,7.2825,32,,16001.,0.2703,1.59,Jul 21 02:40,Jul 21 09:57,N/A,N/A,N/A,N/A,N/A,N/A,N/A,N/A,,N/A
S0159,SUCCESS,6.581666666666666,28,,12122.,0.1938,1.06,Jul 21 02:38,Jul 21 09:13,N/A,N/A,N/A,N/A,N/A,N/A,N/A,N/A,,N/A
S0160,SUCCESS,7.8244444444444445,32,,17031.,0.2801,0.11,Mar 15 18:01,Mar 16 01:51,N/A,N/A,N/A,N/A,N/A,N/A,N/A,N/A,,N/A
S0161,SUCCESS,8.765,36,,16978.,0.2532,0.19,Mar 15 18:03,Mar 16 02:49,N/A,N/A,N/A,N/A,N/A,N/A,N/A,N/A,,N/A
S0162,SUCCESS,11.419444444444444,48,,24562.,0.3098,3.31,Jul 21 02:34,Jul 21 13:59,N/A,N/A,N/A,N/A,N/A,N/A,N/A,N/A,,N/A
S0163,SUCCESS,9.675277777777778,40,,22764.,0.2674,2.13,Jul 22 18:40,Jul 23 04:21,N/A,N/A,N/A,N/A,N/A,N/A,N/A,N/A,,N/A
S0164,SUCCESS,7.823888888888889,32,,14095.,0.1840,2.03,Jul 22 18:35,Jul 23 02:24,N/A,N/A,N/A,N/A,N/A,N/A,N/A,N/A,,N/A
S0165,SUCCESS,3.505,16,,7888.,0.1679,1.01,Jul 22 18:33,Jul 22 22:04,N/A,N/A,N/A,N/A,N/A,N/A,N/A,N/A,,N/A
S0166,SUCCESS,6.461666666666667,28,,17026.,0.2790,0.10,Jul 22 18:35,Jul 23 01:03,N/A,N/A,N/A,N/A,N/A,N/A,N/A,N/A,,N/A
S0167,SUCCESS,7.1641666666666675,32,,16898.,0.2681,0.33,Jul 22 18:36,Jul 23 01:46,N/A,N/A,N/A,N/A,N/A,N/A,N/A,N/A,,N/A
S0168,SUCCESS,4.8575,20,,9968.,0.2126,0.11,Jul 22 18:35,Jul 22 23:26,N/A,N/A,N/A,N/A,N/A,N/A,N/A,N/A,,N/A
S0169,SUCCESS,6.9413888888888895,28,,15649.,0.2681,0.22,Jul 22 18:36,Jul 23 01:32,N/A,N/A,N/A,N/A,N/A,N/A,N/A,N/A,,N/A
S0170,SUCCESS,11.123888888888889,48,,20085.,0.2771,0.15,Jul 22 18:39,Jul 23 05:46,N/A,N/A,N/A,N/A,N/A,N/A,N/A,N/A,,N/A
S0171,SUCCESS,8.385555555555555,36,,18390.,0.2414,1.90,Jul 22 18:37,Jul 23 03:00,N/A,N/A,N/A,N/A,N/A,N/A,N/A,N/A,,N/A
S0172,SUCCESS,9.169722222222221,40,,17739.,0.2492,1.99,Jul 22 18:36,Jul 23 03:46,N/A,N/A,N/A,N/A,N/A,N/A,N/A,N/A,,N/A
S0173,SUCCESS,10.621111111111112,44,,21097.,0.2843,1.23,Mar 15 18:25,Mar 16 05:02,N/A,N/A,N/A,N/A,N/A,N/A,N/A,N/A,,N/A
S0174,SUCCESS,7.488888888888889,32,,15507.,0.2326,0.22,Jul 22 18:35,Jul 23 02:04,N/A,N/A,N/A,N/A,N/A,N/A,N/A,N/A,,N/A
S0175,SUCCESS,4.035277777777778,20,,8091.,0.1725,0.12,Jul 22 18:33,Jul 22 22:35,N/A,N/A,N/A,N/A,N/A,N/A,N/A,N/A,,N/A
S0176,SUCCESS,4.416666666666667,20,,9174.,0.1801,0.12,Jul 22 18:33,Jul 22 22:58,N/A,N/A,N/A,N/A,N/A,N/A,N/A,N/A,,N/A
S0177,SUCCESS,13.273888888888889,56,,20543.,0.2954,1.02,Jul 22 18:40,Jul 23 07:57,N/A,N/A,N/A,N/A,N/A,N/A,N/A,N/A,,N/A
S0178,SUCCESS,8.381944444444445,36,,20611.,0.2919,0.25,Mar 15 18:22,Mar 16 02:45,N/A,N/A,N/A,N/A,N/A,N/A,N/A,N/A,,N/A
S0179,SUCCESS,5.355555555555555,24,,13127.,0.2441,0.19,Jul 22 18:34,Jul 22 23:55,N/A,N/A,N/A,N/A,N/A,N/A,N/A,N/A,,N/A
S0180,SUCCESS,5.1175,24,,10997.,0.1845,2.21,Jul 22 18:34,Jul 22 23:41,N/A,N/A,N/A,N/A,N/A,N/A,N/A,N/A,,N/A
S0181,SUCCESS,8.779444444444445,36,,16815.,0.2501,0.18,Jul 22 18:36,Jul 23 03:23,N/A,N/A,N/A,N/A,N/A,N/A,N/A,N/A,,N/A
S0182,SUCCESS,10.216944444444444,44,,17051.,0.2043,1.29,Jul 22 18:38,Jul 23 04:51,N/A,N/A,N/A,N/A,N/A,N/A,N/A,N/A,,N/A
S0183,SUCCESS,4.196111111111112,20,,9333.,0.1946,0.12,Jul 22 18:34,Jul 22 22:45,N/A,N/A,N/A,N/A,N/A,N/A,N/A,N/A,,N/A
S0184,SUCCESS,8.286111111111111,36,,20183.,0.2928,1.01,Jul 22 18:38,Jul 23 02:55,N/A,N/A,N/A,N/A,N/A,N/A,N/A,N/A,,N/A
S0185,SUCCESS,8.6725,36,,20738.,0.3010,0.26,Mar 15 18:25,Mar 16 03:05,N/A,N/A,N/A,N/A,N/A,N/A,N/A,N/A,,N/A
S0186,SUCCESS,7.301111111111111,32,,16105.,0.2610,0.41,Jul 22 18:36,Jul 23 01:54,N/A,N/A,N/A,N/A,N/A,N/A,N/A,N/A,,N/A
S0187,SUCCESS,6.670277777777778,28,,16302.,0.2808,0.20,Jul 22 18:35,Jul 23 01:16,N/A,N/A,N/A,N/A,N/A,N/A,N/A,N/A,,N/A
S0188,SUCCESS,9.317777777777778,40,,20660.,0.2610,0.17,Mar 15 18:24,Mar 16 03:43,N/A,N/A,N/A,N/A,N/A,N/A,N/A,N/A,,N/A
S0189,SUCCESS,5.671666666666667,24,,9845.,0.1801,0.21,Jul 22 18:36,Jul 23 00:16,N/A,N/A,N/A,N/A,N/A,N/A,N/A,N/A,,N/A
S0190,SUCCESS,5.888333333333333,24,,13618.,0.2176,0.19,Jul 22 18:34,Jul 23 00:27,N/A,N/A,N/A,N/A,N/A,N/A,N/A,N/A,,N/A
S0191,SUCCESS,4.506388888888889,20,,9845.,0.1826,0.18,Jul 22 18:35,Jul 22 23:05,N/A,N/A,N/A,N/A,N/A,N/A,N/A,N/A,,N/A
S0192,SUCCESS,7.6577777777777785,32,,20138.,0.2798,0.13,Jul 22 18:39,Jul 23 02:18,N/A,N/A,N/A,N/A,N/A,N/A,N/A,N/A,,N/A
S0417,SUCCESS,8.524722222222223,36,,20952.,0.3358,0.16,Mar 15 18:21,Mar 16 02:52,N/A,N/A,N/A,N/A,N/A,N/A,N/A,N/A,,N/A
S0418,SUCCESS,7.024444444444445,32,,14806.,0.2668,0.12,Jul 22 18:35,Jul 23 01:37,N/A,N/A,N/A,N/A,N/A,N/A,N/A,N/A,,N/A
S0419,SUCCESS,9.215555555555556,40,,24131.,0.2970,0.77,Jul 22 18:41,Jul 23 03:53,N/A,N/A,N/A,N/A,N/A,N/A,N/A,N/A,,N/A
S0420,SUCCESS,6.4686111111111115,28,,15114.,0.2792,0.14,Jul 22 18:36,Jul 23 01:04,N/A,N/A,N/A,N/A,N/A,N/A,N/A,N/A,,N/A
S0421,SUCCESS,5.02,24,,10116.,0.2069,0.16,Jul 22 18:35,Jul 22 23:37,N/A,N/A,N/A,N/A,N/A,N/A,N/A,N/A,,N/A
S0422,SUCCESS,7.171944444444445,32,,13692.,0.2605,0.14,Jul 22 18:34,Jul 23 01:44,N/A,N/A,N/A,N/A,N/A,N/A,N/A,N/A,,N/A
S0423,SUCCESS,9.796944444444444,40,,20927.,0.2787,0.21,Mar 15 18:24,Mar 16 04:12,N/A,N/A,N/A,N/A,N/A,N/A,N/A,N/A,,N/A
S0424,SUCCESS,9.954444444444444,40,,21592.,0.3214,0.11,Mar 15 18:18,Mar 16 04:15,N/A,N/A,N/A,N/A,N/A,N/A,N/A,N/A,,N/A
S0425,SUCCESS,5.426666666666667,24,,12812.,0.2185,0.17,Jul 22 18:34,Jul 23 00:00,N/A,N/A,N/A,N/A,N/A,N/A,N/A,N/A,,N/A
S0426,SUCCESS,9.034444444444444,40,,22080.,0.3385,0.09,Jul 22 18:39,Jul 23 03:41,N/A,N/A,N/A,N/A,N/A,N/A,N/A,N/A,,N/A
S0427,SUCCESS,11.351666666666667,48,,23070.,0.2525,0.19,Mar 15 18:16,Mar 16 05:37,N/A,N/A,N/A,N/A,N/A,N/A,N/A,N/A,,N/A
S0428,SUCCESS,6.2625,28,,13816.,0.2241,0.13,Jul 22 18:33,Jul 23 00:49,N/A,N/A,N/A,N/A,N/A,N/A,N/A,N/A,,N/A
S0429,SUCCESS,5.245,24,,11877.,0.2174,0.17,Jul 22 18:34,Jul 22 23:48,N/A,N/A,N/A,N/A,N/A,N/A,N/A,N/A,,N/A
S0430,SUCCESS,7.429444444444445,32,,17656.,0.2876,0.11,Jul 22 18:38,Jul 23 02:03,N/A,N/A,N/A,N/A,N/A,N/A,N/A,N/A,,N/A
S0431,SUCCESS,7.865277777777777,32,,25285.,0.3841,0.18,Jul 22 18:37,Jul 23 02:29,N/A,N/A,N/A,N/A,N/A,N/A,N/A,N/A,,N/A
S0432,SUCCESS,8.9575,36,,30831.,0.4253,0.20,Jul 22 18:40,Jul 23 03:37,N/A,N/A,N/A,N/A,N/A,N/A,N/A,N/A,,N/A
S0433,SUCCESS,5.4350000000000005,24,,16121.,0.3214,0.13,Jul 22 18:34,Jul 23 00:00,N/A,N/A,N/A,N/A,N/A,N/A,N/A,N/A,,N/A
S0434,SUCCESS,10.645833333333332,44,,22040.,0.2912,0.17,Mar 15 18:21,Mar 16 05:00,N/A,N/A,N/A,N/A,N/A,N/A,N/A,N/A,,N/A
S0435,SUCCESS,6.1722222222222225,28,,14232.,0.2063,1.50,Jul 22 18:33,Jul 23 00:44,N/A,N/A,N/A,N/A,N/A,N/A,N/A,N/A,,N/A
S0436,SUCCESS,7.358055555555556,32,,17484.,0.2490,0.16,Jul 22 18:36,Jul 23 01:58,N/A,N/A,N/A,N/A,N/A,N/A,N/A,N/A,,N/A
S0437,SUCCESS,4.538055555555555,20,,9585.,0.1801,0.17,Jul 22 18:34,Jul 22 23:07,N/A,N/A,N/A,N/A,N/A,N/A,N/A,N/A,,N/A
S0438,SUCCESS,7.918333333333334,32,,72787.,1.139,6.40,Jul 22 18:38,Jul 23 02:33,N/A,N/A,N/A,N/A,N/A,N/A,N/A,N/A,,N/A
S0439,SUCCESS,9.609722222222222,40,,133613.,1.796,4.33,Jul 22 18:39,Jul 23 04:16,N/A,N/A,N/A,N/A,N/A,N/A,N/A,N/A,,N/A
S0440,SUCCESS,8.503055555555555,36,,19570.,0.3220,2.53,Jul 22 18:35,Jul 23 03:05,N/A,N/A,N/A,N/A,N/A,N/A,N/A,N/A,,N/A
S0441,SUCCESS,11.725,48,,38634.,0.4781,0.58,Mar 15 18:23,Mar 16 06:06,N/A,N/A,N/A,N/A,N/A,N/A,N/A,N/A,,N/A
S0442,SUCCESS,10.943055555555556,44,,19855.,0.2334,1.42,Jul 22 18:38,Jul 23 05:34,N/A,N/A,N/A,N/A,N/A,N/A,N/A,N/A,,N/A
S0443,SUCCESS,5.388333333333334,24,,9508.,0.1840,0.27,Jul 22 18:34,Jul 22 23:57,N/A,N/A,N/A,N/A,N/A,N/A,N/A,N/A,,N/A
S0444,SUCCESS,8.490277777777777,36,,16904.,0.2647,0.19,Jul 22 18:35,Jul 23 03:05,N/A,N/A,N/A,N/A,N/A,N/A,N/A,N/A,,N/A
S0445,SUCCESS,8.635277777777777,36,,32490.,0.4042,4.79,Jul 22 18:37,Jul 23 03:15,N/A,N/A,N/A,N/A,N/A,N/A,N/A,N/A,,N/A
S0446,SUCCESS,14.92361111111111,60,,65549.,0.7405,4.24,Mar 15 18:22,Mar 16 09:18,N/A,N/A,N/A,N/A,N/A,N/A,N/A,N/A,,N/A
S0447,SUCCESS,7.615277777777777,32,,19390.,0.2883,3.70,Jul 22 18:34,Jul 23 02:11,N/A,N/A,N/A,N/A,N/A,N/A,N/A,N/A,,N/A
S0448,SUCCESS,8.902777777777779,36,,20109.,0.3155,0.44,Jul 22 18:40,Jul 23 03:34,N/A,N/A,N/A,N/A,N/A,N/A,N/A,N/A,,N/A
S0449,SUCCESS,8.733055555555556,36,,17804.,0.2216,2.02,Jul 22 18:36,Jul 23 03:20,N/A,N/A,N/A,N/A,N/A,N/A,N/A,N/A,,N/A
S0450,SUCCESS,7.8983333333333325,32,,17015.,0.2687,0.33,Jul 22 18:36,Jul 23 02:30,N/A,N/A,N/A,N/A,N/A,N/A,N/A,N/A,,N/A
S0451,SUCCESS,7.008333333333334,32,,17037.,0.2611,0.23,Jul 22 18:37,Jul 23 01:38,N/A,N/A,N/A,N/A,N/A,N/A,N/A,N/A,,N/A
S0452,SUCCESS,8.472777777777777,36,,24602.,0.3728,5.28,Jul 22 18:39,Jul 23 03:07,N/A,N/A,N/A,N/A,N/A,N/A,N/A,N/A,,N/A
S0453,SUCCESS,9.515833333333333,40,,21934.,0.2963,3.70,Jul 22 18:40,Jul 23 04:11,N/A,N/A,N/A,N/A,N/A,N/A,N/A,N/A,,N/A
S0454,SUCCESS,9.588333333333335,40,,29355.,0.3257,4.17,Jul 22 18:39,Jul 23 04:14,N/A,N/A,N/A,N/A,N/A,N/A,N/A,N/A,,N/A
S0455,SUCCESS,5.563611111111111,24,,11064.,0.2002,2.53,Jul 22 18:33,Jul 23 00:07,N/A,N/A,N/A,N/A,N/A,N/A,N/A,N/A,,N/A
S0456,SUCCESS,7.286388888888888,32,,15586.,0.2127,1.94,Jul 22 18:36,Jul 23 01:53,N/A,N/A,N/A,N/A,N/A,N/A,N/A,N/A,,N/A
S0457,SUCCESS,6.510555555555555,28,,13306.,0.2386,0.32,Jul 22 18:34,Jul 23 01:04,N/A,N/A,N/A,N/A,N/A,N/A,N/A,N/A,,N/A
S0458,SUCCESS,8.894166666666667,36,,20283.,0.2898,0.16,Jul 22 18:39,Jul 23 03:33,N/A,N/A,N/A,N/A,N/A,N/A,N/A,N/A,,N/A
S0459,SUCCESS,8.576666666666666,36,,18252.,0.2701,2.37,Jul 22 18:35,Jul 23 03:10,N/A,N/A,N/A,N/A,N/A,N/A,N/A,N/A,,N/A
S0460,SUCCESS,7.982222222222222,32,,17649.,0.2770,0.38,Jul 22 18:37,Jul 23 02:36,N/A,N/A,N/A,N/A,N/A,N/A,N/A,N/A,,N/A
S0461,SUCCESS,13.576666666666666,56,,26278.,0.3360,2.23,Mar 15 18:22,Mar 16 07:57,N/A,N/A,N/A,N/A,N/A,N/A,N/A,N/A,,N/A
S0462,SUCCESS,4.741388888888889,20,,10087.,0.2102,1.45,Jul 22 18:35,Jul 22 23:19,N/A,N/A,N/A,N/A,N/A,N/A,N/A,N/A,,N/A
S0463,SUCCESS,5.874444444444445,24,,13176.,0.1852,2.36,Jul 22 18:34,Jul 23 00:27,N/A,N/A,N/A,N/A,N/A,N/A,N/A,N/A,,N/A
S0464,SUCCESS,4.498888888888889,20,,10878.,0.2034,1.98,Jul 22 18:33,Jul 22 23:03,N/A,N/A,N/A,N/A,N/A,N/A,N/A,N/A,,N/A
S0465,SUCCESS,4.9975000000000005,20,,12720.,0.2246,0.17,Jul 22 18:34,Jul 22 23:34,N/A,N/A,N/A,N/A,N/A,N/A,N/A,N/A,,N/A
S0466,SUCCESS,15.153333333333334,64,,24943.,0.2635,1.44,Mar 15 18:27,Mar 16 09:36,N/A,N/A,N/A,N/A,N/A,N/A,N/A,N/A,,N/A
S0467,SUCCESS,5.322777777777778,24,,12000.,0.2058,1.34,Jul 22 18:33,Jul 22 23:53,N/A,N/A,N/A,N/A,N/A,N/A,N/A,N/A,,N/A
S0468,SUCCESS,6.456666666666667,28,,16917.,0.2622,0.15,Jul 22 18:36,Jul 23 01:03,N/A,N/A,N/A,N/A,N/A,N/A,N/A,N/A,,N/A
S0469,SUCCESS,8.020277777777778,36,,13654.,0.2221,0.21,Jul 22 18:34,Jul 23 02:35,N/A,N/A,N/A,N/A,N/A,N/A,N/A,N/A,,N/A
S0470,SUCCESS,9.818055555555555,40,,17770.,0.2658,1.13,Jul 22 18:39,Jul 23 04:28,N/A,N/A,N/A,N/A,N/A,N/A,N/A,N/A,,N/A
S0471,SUCCESS,7.341944444444444,32,,12432.,0.2009,0.46,Jul 22 18:34,Jul 23 01:54,N/A,N/A,N/A,N/A,N/A,N/A,N/A,N/A,,N/A
S0472,SUCCESS,7.003611111111111,32,,12254.,0.2214,0.12,Jul 22 18:34,Jul 23 01:34,N/A,N/A,N/A,N/A,N/A,N/A,N/A,N/A,,N/A
S0473,SUCCESS,9.648055555555555,40,,16809.,0.2501,0.61,Jul 22 18:36,Jul 23 04:15,N/A,N/A,N/A,N/A,N/A,N/A,N/A,N/A,,N/A
S0474,SUCCESS,5.648888888888888,24,,8850.,0.1636,0.21,Jul 22 18:34,Jul 23 00:13,N/A,N/A,N/A,N/A,N/A,N/A,N/A,N/A,,N/A
S0475,SUCCESS,8.209444444444443,36,,20067.,0.2937,0.18,Jul 22 18:40,Jul 23 02:52,N/A,N/A,N/A,N/A,N/A,N/A,N/A,N/A,,N/A
S0476,SUCCESS,8.615277777777777,36,,20135.,0.2846,0.40,Jul 22 18:40,Jul 23 03:16,N/A,N/A,N/A,N/A,N/A,N/A,N/A,N/A,,N/A
S0477,SUCCESS,5.991388888888889,24,,11895.,0.1987,1.50,Jul 22 18:34,Jul 23 00:34,N/A,N/A,N/A,N/A,N/A,N/A,N/A,N/A,,N/A
S0478,SUCCESS,4.516388888888889,20,,9259.,0.1865,0.21,Jul 22 18:35,Jul 22 23:06,N/A,N/A,N/A,N/A,N/A,N/A,N/A,N/A,,N/A
S0479,SUCCESS,7.445,32,,15950.,0.2370,0.54,Jul 22 18:36,Jul 23 02:03,N/A,N/A,N/A,N/A,N/A,N/A,N/A,N/A,,N/A
S0480,SUCCESS,9.073888888888888,40,,20627.,0.2941,0.20,Mar 15 18:21,Mar 16 03:25,N/A,N/A,N/A,N/A,N/A,N/A,N/A,N/A,,N/A
S0481,SUCCESS,4.433888888888889,20,,9891.,0.2008,0.24,Jul 22 18:34,Jul 22 23:00,N/A,N/A,N/A,N/A,N/A,N/A,N/A,N/A,,N/A
S0482,SUCCESS,4.394166666666667,20,,8607.,0.1497,2.34,Jul 22 18:33,Jul 22 22:57,N/A,N/A,N/A,N/A,N/A,N/A,N/A,N/A,,N/A
S0483,SUCCESS,7.539444444444444,32,,16926.,0.2599,0.47,Jul 22 18:37,Jul 23 02:09,N/A,N/A,N/A,N/A,N/A,N/A,N/A,N/A,,N/A
S0484,SUCCESS,7.2175,32,,16879.,0.2896,0.13,Jul 22 18:37,Jul 23 01:50,N/A,N/A,N/A,N/A,N/A,N/A,N/A,N/A,,N/A
S0485,SUCCESS,8.631944444444445,36,,20662.,0.2991,0.14,Mar 15 18:21,Mar 16 02:59,N/A,N/A,N/A,N/A,N/A,N/A,N/A,N/A,,N/A
S0486,SUCCESS,4.365555555555555,20,,9324.,0.1912,0.19,Jul 22 18:34,Jul 22 22:56,N/A,N/A,N/A,N/A,N/A,N/A,N/A,N/A,,N/A
S0705,SUCCESS,10.649166666666666,44,,21980.,0.3126,0.16,Mar 15 18:19,Mar 16 04:58,N/A,N/A,N/A,N/A,N/A,N/A,N/A,N/A,,N/A
S0706,SUCCESS,7.029166666666667,32,,17223.,0.2837,0.12,Jul 22 18:37,Jul 23 01:39,N/A,N/A,N/A,N/A,N/A,N/A,N/A,N/A,,N/A
S0707,SUCCESS,7.632777777777778,32,,18384.,0.2817,0.86,Jul 22 18:39,Jul 23 02:17,N/A,N/A,N/A,N/A,N/A,N/A,N/A,N/A,,N/A
S0708,SUCCESS,6.065555555555555,28,,15914.,0.2579,1.32,Jul 22 18:34,Jul 23 00:38,N/A,N/A,N/A,N/A,N/A,N/A,N/A,N/A,,N/A
S0709,SUCCESS,8.898888888888889,36,,21051.,0.2933,0.11,Mar 15 18:10,Mar 16 03:03,N/A,N/A,N/A,N/A,N/A,N/A,N/A,N/A,,N/A
S0710,SUCCESS,8.9825,36,,21200.,0.3023,0.13,Jul 22 18:40,Jul 23 03:39,N/A,N/A,N/A,N/A,N/A,N/A,N/A,N/A,,N/A
S0711,SUCCESS,8.637777777777778,36,,21153.,0.3128,0.12,Mar 15 18:13,Mar 16 02:51,N/A,N/A,N/A,N/A,N/A,N/A,N/A,N/A,,N/A
S0712,SUCCESS,5.6641666666666675,24,,12870.,0.2474,0.09,Jul 22 18:34,Jul 23 00:14,N/A,N/A,N/A,N/A,N/A,N/A,N/A,N/A,,N/A
S0713,SUCCESS,7.870555555555556,32,,21168.,0.3124,0.10,Jul 22 18:40,Jul 23 02:32,N/A,N/A,N/A,N/A,N/A,N/A,N/A,N/A,,N/A
S0714,SUCCESS,9.651666666666667,40,,21689.,0.3114,0.09,Mar 15 18:19,Mar 16 03:58,N/A,N/A,N/A,N/A,N/A,N/A,N/A,N/A,,N/A
S0715,SUCCESS,9.891944444444444,40,,20962.,0.2794,0.19,Mar 15 18:17,Mar 16 04:10,N/A,N/A,N/A,N/A,N/A,N/A,N/A,N/A,,N/A
S0716,SUCCESS,6.387777777777778,28,,15156.,0.2494,1.73,Jul 22 18:34,Jul 23 00:57,N/A,N/A,N/A,N/A,N/A,N/A,N/A,N/A,,N/A
S0717,SUCCESS,7.696111111111112,32,,15918.,0.2409,0.73,Jul 22 18:35,Jul 23 02:17,N/A,N/A,N/A,N/A,N/A,N/A,N/A,N/A,,N/A
S0718,SUCCESS,5.691111111111112,24,,11613.,0.2277,0.50,Jul 22 18:33,Jul 23 00:14,N/A,N/A,N/A,N/A,N/A,N/A,N/A,N/A,,N/A
S0719,SUCCESS,8.65611111111111,36,,20409.,0.3239,0.09,Jul 22 18:38,Jul 23 03:17,N/A,N/A,N/A,N/A,N/A,N/A,N/A,N/A,,N/A
S0720,SUCCESS,6.4013888888888895,28,,13757.,0.2656,0.11,Jul 22 18:34,Jul 23 00:58,N/A,N/A,N/A,N/A,N/A,N/A,N/A,N/A,,N/A
S0721,SUCCESS,7.885277777777778,32,,18052.,0.2822,0.19,Jul 22 18:37,Jul 23 02:30,N/A,N/A,N/A,N/A,N/A,N/A,N/A,N/A,,N/A
S0722,SUCCESS,7.996666666666667,32,,21755.,0.3372,0.13,Mar 15 18:14,Mar 16 02:14,N/A,N/A,N/A,N/A,N/A,N/A,N/A,N/A,,N/A
S0723,SUCCESS,6.7122222222222225,28,,20351.,0.2879,2.20,Jul 22 18:34,Jul 23 01:17,N/A,N/A,N/A,N/A,N/A,N/A,N/A,N/A,,N/A
S0724,SUCCESS,7.830555555555556,32,,19662.,0.2618,0.28,Jul 22 18:37,Jul 23 02:27,N/A,N/A,N/A,N/A,N/A,N/A,N/A,N/A,,N/A
S0725,SUCCESS,6.409722222222222,28,,17080.,0.2919,0.10,Jul 22 18:36,Jul 23 01:01,N/A,N/A,N/A,N/A,N/A,N/A,N/A,N/A,,N/A
S0726,SUCCESS,3.3233333333333333,16,,8563.,0.2017,0.81,Jul 22 18:33,Jul 22 21:52,N/A,N/A,N/A,N/A,N/A,N/A,N/A,N/A,,N/A
S0727,SUCCESS,4.538333333333333,20,,10397.,0.1951,0.15,Jul 22 18:33,Jul 22 23:05,N/A,N/A,N/A,N/A,N/A,N/A,N/A,N/A,,N/A
S0728,SUCCESS,8.300833333333333,36,,20892.,0.3175,0.08,Mar 15 18:12,Mar 16 02:30,N/A,N/A,N/A,N/A,N/A,N/A,N/A,N/A,,N/A
S0729,SUCCESS,8.776944444444446,36,,44321.,0.6314,0.19,Mar 15 18:27,Mar 16 03:13,N/A,N/A,N/A,N/A,N/A,N/A,N/A,N/A,,N/A
S0730,SUCCESS,6.8625,28,,20005.,0.3237,0.15,Jul 22 18:37,Jul 23 01:29,N/A,N/A,N/A,N/A,N/A,N/A,N/A,N/A,,N/A
S0731,SUCCESS,9.753333333333334,40,,29504.,0.3279,1.20,Jul 22 18:40,Jul 23 04:25,N/A,N/A,N/A,N/A,N/A,N/A,N/A,N/A,,N/A
S0732,SUCCESS,5.340833333333333,24,,14249.,0.2707,2.00,Jul 22 18:34,Jul 22 23:54,N/A,N/A,N/A,N/A,N/A,N/A,N/A,N/A,,N/A
S0733,SUCCESS,8.733888888888888,36,,23809.,0.3488,0.17,Jul 22 18:40,Jul 23 03:24,N/A,N/A,N/A,N/A,N/A,N/A,N/A,N/A,,N/A
S0734,SUCCESS,4.433333333333334,20,,8886.,0.1842,0.39,Jul 22 18:35,Jul 22 23:01,N/A,N/A,N/A,N/A,N/A,N/A,N/A,N/A,,N/A
S0735,SUCCESS,7.626388888888889,32,,16967.,0.2558,0.18,Jul 22 18:37,Jul 23 02:15,N/A,N/A,N/A,N/A,N/A,N/A,N/A,N/A,,N/A
S0736,SUCCESS,6.205555555555556,28,,14977.,0.2904,0.09,Jul 22 18:36,Jul 23 00:48,N/A,N/A,N/A,N/A,N/A,N/A,N/A,N/A,,N/A
S0737,SUCCESS,6.986111111111112,28,,16553.,0.2915,0.18,Jul 22 18:36,Jul 23 01:35,N/A,N/A,N/A,N/A,N/A,N/A,N/A,N/A,,N/A
S0738,SUCCESS,5.090277777777778,24,,11632.,0.2352,0.87,Jul 22 18:33,Jul 22 23:39,N/A,N/A,N/A,N/A,N/A,N/A,N/A,N/A,,N/A
S0739,SUCCESS,11.627500000000001,48,,25111.,0.3110,4.00,Mar 15 18:26,Mar 16 06:04,N/A,N/A,N/A,N/A,N/A,N/A,N/A,N/A,,N/A
S0740,SUCCESS,8.820277777777777,36,,23532.,0.3088,2.50,Jul 22 18:38,Jul 23 03:27,N/A,N/A,N/A,N/A,N/A,N/A,N/A,N/A,,N/A
S0741,SUCCESS,5.660833333333334,24,,12906.,0.2198,2.87,Jul 22 18:35,Jul 23 00:14,N/A,N/A,N/A,N/A,N/A,N/A,N/A,N/A,,N/A
S0742,SUCCESS,4.1002777777777775,20,,8592.,0.1741,2.55,Jul 22 18:33,Jul 22 22:39,N/A,N/A,N/A,N/A,N/A,N/A,N/A,N/A,,N/A
S0743,SUCCESS,8.17611111111111,36,,20429.,0.2805,0.32,Jul 22 18:40,Jul 23 02:50,N/A,N/A,N/A,N/A,N/A,N/A,N/A,N/A,,N/A
S0744,SUCCESS,6.084722222222222,28,,16263.,0.2945,0.07,Jul 22 18:36,Jul 23 00:41,N/A,N/A,N/A,N/A,N/A,N/A,N/A,N/A,,N/A
S0745,SUCCESS,6.836111111111111,28,,17538.,0.2896,0.14,Jul 22 18:37,Jul 23 01:27,N/A,N/A,N/A,N/A,N/A,N/A,N/A,N/A,,N/A
S0746,SUCCESS,8.530555555555557,36,,19379.,0.2729,2.38,Jul 22 18:38,Jul 23 03:10,N/A,N/A,N/A,N/A,N/A,N/A,N/A,N/A,,N/A
S0747,SUCCESS,6.638055555555555,28,,16234.,0.2467,0.17,Jul 22 18:35,Jul 23 01:13,N/A,N/A,N/A,N/A,N/A,N/A,N/A,N/A,,N/A
S0748,SUCCESS,4.191944444444444,20,,8594.,0.1569,2.39,Jul 22 18:34,Jul 22 22:45,N/A,N/A,N/A,N/A,N/A,N/A,N/A,N/A,,N/A
S0749,SUCCESS,6.635555555555555,28,,16012.,0.2279,1.94,Jul 22 18:35,Jul 23 01:13,N/A,N/A,N/A,N/A,N/A,N/A,N/A,N/A,,N/A
S0750,SUCCESS,7.945,32,,20790.,0.3055,0.21,Mar 15 18:16,Mar 16 02:13,N/A,N/A,N/A,N/A,N/A,N/A,N/A,N/A,,N/A
S0751,SUCCESS,5.10861111111111,24,,13124.,0.2455,0.16,Jul 22 18:34,Jul 22 23:40,N/A,N/A,N/A,N/A,N/A,N/A,N/A,N/A,,N/A
S0752,SUCCESS,4.4430555555555555,20,,11514.,0.2356,0.12,Jul 22 18:33,Jul 22 22:59,N/A,N/A,N/A,N/A,N/A,N/A,N/A,N/A,,N/A
S0753,SUCCESS,6.353333333333333,28,,16171.,0.2644,0.22,Jul 22 18:35,Jul 23 00:56,N/A,N/A,N/A,N/A,N/A,N/A,N/A,N/A,,N/A
S0754,SUCCESS,7.2683333333333335,32,,17411.,0.2602,1.45,Jul 22 18:38,Jul 23 01:54,N/A,N/A,N/A,N/A,N/A,N/A,N/A,N/A,,N/A
S0755,SUCCESS,9.460555555555555,40,,20402.,0.2451,1.34,Mar 15 18:17,Mar 16 03:45,N/A,N/A,N/A,N/A,N/A,N/A,N/A,N/A,,N/A
S0756,SUCCESS,3.7372222222222224,16,,8969.,0.1924,0.37,Jul 22 18:34,Jul 22 22:19,N/A,N/A,N/A,N/A,N/A,N/A,N/A,N/A,,N/A
S0757,SUCCESS,6.2508333333333335,28,,16875.,0.2884,0.17,Jul 22 18:36,Jul 23 00:51,N/A,N/A,N/A,N/A,N/A,N/A,N/A,N/A,,N/A
S0758,SUCCESS,5.585277777777778,24,,12929.,0.2007,1.24,Jul 22 18:35,Jul 23 00:10,N/A,N/A,N/A,N/A,N/A,N/A,N/A,N/A,,N/A
S0759,SUCCESS,6.201944444444445,28,,16311.,0.2741,0.13,Jul 22 18:35,Jul 23 00:47,N/A,N/A,N/A,N/A,N/A,N/A,N/A,N/A,,N/A
S0760,SUCCESS,4.7619444444444445,20,,13031.,0.2665,0.15,Jul 22 18:34,Jul 22 23:20,N/A,N/A,N/A,N/A,N/A,N/A,N/A,N/A,,N/A
S0761,SUCCESS,7.321111111111111,32,,17292.,0.2343,1.23,Jul 22 18:38,Jul 23 01:57,N/A,N/A,N/A,N/A,N/A,N/A,N/A,N/A,,N/A
S0762,SUCCESS,6.454722222222222,28,,15560.,0.2689,0.14,Jul 22 18:36,Jul 23 01:03,N/A,N/A,N/A,N/A,N/A,N/A,N/A,N/A,,N/A
S0763,SUCCESS,8.50388888888889,36,,20452.,0.2885,0.21,Mar 15 18:20,Mar 16 02:51,N/A,N/A,N/A,N/A,N/A,N/A,N/A,N/A,,N/A
S0764,SUCCESS,9.718055555555555,40,,20908.,0.2403,1.19,Mar 15 18:17,Mar 16 04:00,N/A,N/A,N/A,N/A,N/A,N/A,N/A,N/A,,N/A
S0765,SUCCESS,5.6025,24,,13139.,0.2454,0.18,Jul 22 18:34,Jul 23 00:10,N/A,N/A,N/A,N/A,N/A,N/A,N/A,N/A,,N/A
S0766,SUCCESS,4.316944444444444,20,,8471.,0.1648,0.18,Jul 22 18:34,Jul 22 22:53,N/A,N/A,N/A,N/A,N/A,N/A,N/A,N/A,,N/A
S0767,SUCCESS,5.898055555555555,24,,13736.,0.2448,0.13,Jul 22 18:34,Jul 23 00:28,N/A,N/A,N/A,N/A,N/A,N/A,N/A,N/A,,N/A
S0768,SUCCESS,6.612222222222222,28,,16811.,0.3082,0.07,Jul 22 18:36,Jul 23 01:12,N/A,N/A,N/A,N/A,N/A,N/A,N/A,N/A,,N/A
S0769,SUCCESS,7.1194444444444445,32,,16869.,0.2590,0.19,Jul 22 18:36,Jul 23 01:43,N/A,N/A,N/A,N/A,N/A,N/A,N/A,N/A,,N/A
S0770,SUCCESS,8.851666666666667,36,,19923.,0.2493,0.52,Jul 22 18:40,Jul 23 03:31,N/A,N/A,N/A,N/A,N/A,N/A,N/A,N/A,,N/A
S0771,SUCCESS,4.095555555555555,20,,9160.,0.1831,0.21,Jul 22 18:34,Jul 22 22:39,N/A,N/A,N/A,N/A,N/A,N/A,N/A,N/A,,N/A
S0772,SUCCESS,5.4752777777777775,24,,12578.,0.2204,0.19,Jul 22 18:35,Jul 23 00:03,N/A,N/A,N/A,N/A,N/A,N/A,N/A,N/A,,N/A
S0773,SUCCESS,6.947777777777778,28,,16251.,0.2371,0.19,Jul 22 18:36,Jul 23 01:33,N/A,N/A,N/A,N/A,N/A,N/A,N/A,N/A,,N/A
S0774,SUCCESS,6.6688888888888895,28,,16181.,0.2473,0.69,Jul 22 18:36,Jul 23 01:16,N/A,N/A,N/A,N/A,N/A,N/A,N/A,N/A,,N/A
S0775,SUCCESS,3.0516666666666663,16,,6680.,0.1543,0.19,Jul 22 18:33,Jul 22 21:36,N/A,N/A,N/A,N/A,N/A,N/A,N/A,N/A,,N/A
S0776,SUCCESS,7.096388888888889,32,,16888.,0.2495,0.19,Jul 22 18:37,Jul 23 01:43,N/A,N/A,N/A,N/A,N/A,N/A,N/A,N/A,,N/A
S0977,SUCCESS,7.9425,32,,19957.,0.3178,1.86,Jul 22 18:37,Jul 23 02:33,N/A,N/A,N/A,N/A,N/A,N/A,N/A,N/A,,N/A
S0978,SUCCESS,7.294444444444444,32,,17531.,0.2584,0.35,Jul 22 18:37,Jul 23 01:55,N/A,N/A,N/A,N/A,N/A,N/A,N/A,N/A,,N/A
S0979,SUCCESS,7.373611111111111,32,,17903.,0.2633,0.19,Jul 22 18:37,Jul 23 02:00,N/A,N/A,N/A,N/A,N/A,N/A,N/A,N/A,,N/A
S0980,SUCCESS,11.459166666666667,48,,22987.,0.3067,0.37,Mar 15 18:22,Mar 16 05:50,N/A,N/A,N/A,N/A,N/A,N/A,N/A,N/A,,N/A
S0981,SUCCESS,8.761111111111111,36,,20869.,0.2890,0.50,Jul 22 18:41,Jul 23 03:27,N/A,N/A,N/A,N/A,N/A,N/A,N/A,N/A,,N/A
S0982,SUCCESS,6.077222222222222,28,,13808.,0.2337,1.18,Jul 22 18:35,Jul 23 00:40,N/A,N/A,N/A,N/A,N/A,N/A,N/A,N/A,,N/A
S0983,SUCCESS,4.155555555555556,20,,9336.,0.1847,0.54,Jul 22 18:34,Jul 22 22:43,N/A,N/A,N/A,N/A,N/A,N/A,N/A,N/A,,N/A
S0984,SUCCESS,7.910277777777778,32,,19275.,0.2991,0.45,Jul 22 18:38,Jul 23 02:33,N/A,N/A,N/A,N/A,N/A,N/A,N/A,N/A,,N/A
S0985,SUCCESS,8.400833333333333,36,,20852.,0.3152,0.52,Jul 22 18:40,Jul 23 03:04,N/A,N/A,N/A,N/A,N/A,N/A,N/A,N/A,,N/A
S0986,SUCCESS,11.270833333333334,48,,24476.,0.2933,1.06,Mar 15 18:21,Mar 16 05:38,N/A,N/A,N/A,N/A,N/A,N/A,N/A,N/A,,N/A
S0987,SUCCESS,6.261388888888889,28,,15720.,0.2502,1.64,Jul 22 18:34,Jul 23 00:49,N/A,N/A,N/A,N/A,N/A,N/A,N/A,N/A,,N/A
S0988,SUCCESS,5.894444444444444,24,,13445.,0.2200,1.29,Jul 22 18:34,Jul 23 00:28,N/A,N/A,N/A,N/A,N/A,N/A,N/A,N/A,,N/A
S0989,SUCCESS,6.665,28,,17830.,0.3138,0.15,Jul 22 18:38,Jul 23 01:18,N/A,N/A,N/A,N/A,N/A,N/A,N/A,N/A,,N/A
S0990,SUCCESS,7.018611111111111,32,,17056.,0.2544,0.16,Jul 22 18:37,Jul 23 01:38,N/A,N/A,N/A,N/A,N/A,N/A,N/A,N/A,,N/A
S0991,SUCCESS,8.099444444444446,36,,21927.,0.3235,0.16,Jul 22 18:38,Jul 23 02:44,N/A,N/A,N/A,N/A,N/A,N/A,N/A,N/A,,N/A
S0992,SUCCESS,8.62638888888889,36,,22051.,0.2877,0.20,Mar 15 18:17,Mar 16 02:54,N/A,N/A,N/A,N/A,N/A,N/A,N/A,N/A,,N/A
S0993,SUCCESS,7.260833333333333,32,,21766.,0.3224,1.31,Jul 22 18:38,Jul 23 01:53,N/A,N/A,N/A,N/A,N/A,N/A,N/A,N/A,,N/A
S0994,SUCCESS,7.0088888888888885,32,,17784.,0.2857,0.22,Jul 22 18:37,Jul 23 01:38,N/A,N/A,N/A,N/A,N/A,N/A,N/A,N/A,,N/A
S0995,SUCCESS,5.4911111111111115,24,,14196.,0.2752,0.46,Jul 22 18:35,Jul 23 00:04,N/A,N/A,N/A,N/A,N/A,N/A,N/A,N/A,,N/A
S0996,SUCCESS,4.236666666666666,20,,10254.,0.2196,0.16,Jul 22 18:34,Jul 22 22:49,N/A,N/A,N/A,N/A,N/A,N/A,N/A,N/A,,N/A
S0997,SUCCESS,9.065555555555557,40,,20868.,0.2756,0.21,Mar 15 18:15,Mar 16 03:19,N/A,N/A,N/A,N/A,N/A,N/A,N/A,N/A,,N/A
S0998,SUCCESS,7.181666666666667,32,,18787.,0.2761,0.17,Jul 22 18:37,Jul 23 01:48,N/A,N/A,N/A,N/A,N/A,N/A,N/A,N/A,,N/A
S0999,SUCCESS,9.096944444444444,40,,22209.,0.2980,0.17,Mar 15 18:19,Mar 16 03:24,N/A,N/A,N/A,N/A,N/A,N/A,N/A,N/A,,N/A
S1000,SUCCESS,6.371944444444444,28,,17281.,0.2998,0.16,Jul 22 18:36,Jul 23 00:58,N/A,N/A,N/A,N/A,N/A,N/A,N/A,N/A,,N/A
S1001,SUCCESS,3.772777777777778,16,,9771.,0.2165,0.16,Jul 22 18:33,Jul 22 22:20,N/A,N/A,N/A,N/A,N/A,N/A,N/A,N/A,,N/A
S1002,SUCCESS,8.129166666666666,36,,20930.,0.3090,0.13,Mar 15 18:14,Mar 16 02:22,N/A,N/A,N/A,N/A,N/A,N/A,N/A,N/A,,N/A
S1003,SUCCESS,6.8919444444444435,28,,13795.,0.2262,0.21,Jul 22 18:34,Jul 23 01:28,N/A,N/A,N/A,N/A,N/A,N/A,N/A,N/A,,N/A
S1004,SUCCESS,6.587222222222222,28,,13188.,0.2196,0.16,Jul 22 18:34,Jul 23 01:09,N/A,N/A,N/A,N/A,N/A,N/A,N/A,N/A,,N/A
S1005,SUCCESS,10.795277777777777,44,,21418.,0.2767,0.16,Mar 15 18:18,Mar 16 05:06,N/A,N/A,N/A,N/A,N/A,N/A,N/A,N/A,,N/A
S1006,SUCCESS,10.462499999999999,44,,17618.,0.2966,0.12,Jul 23 16:45,Jul 24 03:12,N/A,N/A,N/A,N/A,N/A,N/A,N/A,N/A,,N/A
S1007,SUCCESS,10.149722222222222,44,,17476.,0.2695,0.15,Jul 23 16:44,Jul 24 02:53,N/A,N/A,N/A,N/A,N/A,N/A,N/A,N/A,,N/A
S1008,SUCCESS,9.353333333333333,40,,13875.,0.2446,0.17,Jul 23 16:41,Jul 24 02:03,N/A,N/A,N/A,N/A,N/A,N/A,N/A,N/A,,N/A
S1009,SUCCESS,9.260277777777778,40,,17062.,0.2789,0.13,Jul 23 16:44,Jul 24 02:00,N/A,N/A,N/A,N/A,N/A,N/A,N/A,N/A,,N/A
S1010,SUCCESS,9.434444444444445,40,,20563.,0.2589,0.14,Jul 23 16:47,Jul 24 02:13,N/A,N/A,N/A,N/A,N/A,N/A,N/A,N/A,,N/A
S1011,SUCCESS,11.572222222222223,48,,20061.,0.3169,0.13,Jul 23 16:47,Jul 24 04:21,N/A,N/A,N/A,N/A,N/A,N/A,N/A,N/A,,N/A
S1012,SUCCESS,11.948611111111111,48,,22269.,0.3102,0.35,Jul 23 16:47,Jul 24 04:44,N/A,N/A,N/A,N/A,N/A,N/A,N/A,N/A,,N/A
S1013,SUCCESS,7.906666666666667,32,,17701.,0.2747,0.52,Jul 23 16:45,Jul 24 00:40,N/A,N/A,N/A,N/A,N/A,N/A,N/A,N/A,,N/A
S1014,SUCCESS,8.917222222222222,36,,22210.,0.2834,3.48,Jul 23 16:45,Jul 24 01:40,N/A,N/A,N/A,N/A,N/A,N/A,N/A,N/A,,N/A
S1015,SUCCESS,9.476666666666667,40,,16847.,0.2460,0.21,Jul 23 16:43,Jul 24 02:12,N/A,N/A,N/A,N/A,N/A,N/A,N/A,N/A,,N/A
S1016,SUCCESS,11.84138888888889,48,,28451.,0.3405,2.42,Jul 23 16:46,Jul 24 04:37,N/A,N/A,N/A,N/A,N/A,N/A,N/A,N/A,,N/A
S1017,SUCCESS,5.538888888888889,24,,7942.,0.1727,0.14,Jul 23 16:41,Jul 23 22:14,N/A,N/A,N/A,N/A,N/A,N/A,N/A,N/A,,N/A
S1018,SUCCESS,7.5975,32,,16959.,0.2679,0.12,Jul 23 16:44,Jul 24 00:20,N/A,N/A,N/A,N/A,N/A,N/A,N/A,N/A,,N/A
S1019,SUCCESS,11.029722222222222,48,,33115.,0.3482,3.82,Jul 23 16:47,Jul 24 03:48,N/A,N/A,N/A,N/A,N/A,N/A,N/A,N/A,,N/A
S1020,SUCCESS,8.457777777777777,36,,17526.,0.2504,0.22,Jul 23 16:45,Jul 24 01:13,N/A,N/A,N/A,N/A,N/A,N/A,N/A,N/A,,N/A
S1021,SUCCESS,8.245277777777776,36,,21015.,0.2920,0.18,Mar 15 18:16,Mar 16 02:30,N/A,N/A,N/A,N/A,N/A,N/A,N/A,N/A,,N/A
S1022,SUCCESS,12.079166666666666,52,,20944.,0.2490,0.96,Jul 23 16:47,Jul 24 04:52,N/A,N/A,N/A,N/A,N/A,N/A,N/A,N/A,,N/A
S1023,SUCCESS,11.241666666666665,48,,16263.,0.2328,1.36,Jul 23 16:44,Jul 24 03:58,N/A,N/A,N/A,N/A,N/A,N/A,N/A,N/A,,N/A
S1024,SUCCESS,5.1883333333333335,24,,8425.,0.1996,0.09,Jul 23 16:41,Jul 23 21:53,N/A,N/A,N/A,N/A,N/A,N/A,N/A,N/A,,N/A
S1025,SUCCESS,13.229722222222222,56,,20177.,0.2597,0.18,Jul 23 16:46,Jul 24 06:00,N/A,N/A,N/A,N/A,N/A,N/A,N/A,N/A,,N/A
S1026,SUCCESS,7.336944444444444,32,,20082.,0.3043,0.14,Jul 23 16:51,Jul 24 00:11,N/A,N/A,N/A,N/A,N/A,N/A,N/A,N/A,,N/A
S1027,SUCCESS,8.374722222222223,36,,20845.,0.3071,0.19,Mar 15 18:15,Mar 16 02:37,N/A,N/A,N/A,N/A,N/A,N/A,N/A,N/A,,N/A
S1028,SUCCESS,6.237222222222222,28,,16822.,0.2840,0.12,Jul 23 16:48,Jul 23 23:02,N/A,N/A,N/A,N/A,N/A,N/A,N/A,N/A,,N/A
S1029,SUCCESS,11.016666666666667,48,,18269.,0.2175,0.73,Jul 23 16:50,Jul 24 03:51,N/A,N/A,N/A,N/A,N/A,N/A,N/A,N/A,,N/A
S1030,SUCCESS,4.950833333333334,20,,8237.,0.1885,0.14,Jul 23 16:46,Jul 23 21:43,N/A,N/A,N/A,N/A,N/A,N/A,N/A,N/A,,N/A
S1031,SUCCESS,7.215833333333333,32,,16932.,0.2433,0.18,Jul 23 16:48,Jul 24 00:01,N/A,N/A,N/A,N/A,N/A,N/A,N/A,N/A,,N/A
S1032,SUCCESS,6.415555555555556,28,,15963.,0.2798,0.10,Jul 23 16:47,Jul 23 23:12,N/A,N/A,N/A,N/A,N/A,N/A,N/A,N/A,,N/A
S1033,SUCCESS,12.303333333333335,52,,222336.,2.880,4.52,Mar 15 18:21,Mar 16 06:39,N/A,N/A,N/A,N/A,N/A,N/A,N/A,N/A,,N/A
S1034,SUCCESS,5.8822222222222225,24,,24073.,0.4143,2.71,Jul 23 16:46,Jul 23 22:39,N/A,N/A,N/A,N/A,N/A,N/A,N/A,N/A,,N/A
S1035,SUCCESS,6.381388888888888,28,,31542.,0.4954,2.33,Jul 23 16:47,Jul 23 23:09,N/A,N/A,N/A,N/A,N/A,N/A,N/A,N/A,,N/A
S1036,SUCCESS,7.005833333333333,32,,22924.,0.3063,3.13,Jul 23 16:47,Jul 23 23:47,N/A,N/A,N/A,N/A,N/A,N/A,N/A,N/A,,N/A
S1037,SUCCESS,6.750277777777778,28,,18476.,0.3042,0.18,Jul 23 16:50,Jul 23 23:35,N/A,N/A,N/A,N/A,N/A,N/A,N/A,N/A,,N/A
S1038,SUCCESS,7.750277777777778,32,,16796.,0.2614,0.79,Jul 23 16:48,Jul 24 00:33,N/A,N/A,N/A,N/A,N/A,N/A,N/A,N/A,,N/A
S1039,SUCCESS,8.996666666666666,36,,20819.,0.3098,0.12,Mar 15 18:22,Mar 16 03:22,N/A,N/A,N/A,N/A,N/A,N/A,N/A,N/A,,N/A
S1040,SUCCESS,7.835555555555556,32,,17651.,0.2825,0.34,Jul 23 16:50,Jul 24 00:40,N/A,N/A,N/A,N/A,N/A,N/A,N/A,N/A,,N/A
S1041,SUCCESS,8.115833333333333,36,,17434.,0.2636,2.84,Jul 23 16:49,Jul 24 00:56,N/A,N/A,N/A,N/A,N/A,N/A,N/A,N/A,,N/A
S1042,SUCCESS,7.109722222222222,32,,18374.,0.2688,2.26,Jul 23 16:46,Jul 23 23:52,N/A,N/A,N/A,N/A,N/A,N/A,N/A,N/A,,N/A
S1043,SUCCESS,10.990277777777777,44,,46893.,0.4964,4.18,Mar 15 18:19,Mar 16 05:18,N/A,N/A,N/A,N/A,N/A,N/A,N/A,N/A,,N/A
S1044,SUCCESS,4.546111111111111,20,,9354.,0.1897,0.39,Jul 23 16:46,Jul 23 21:19,N/A,N/A,N/A,N/A,N/A,N/A,N/A,N/A,,N/A
S1045,SUCCESS,7.950555555555556,32,,16916.,0.2526,0.17,Jul 23 16:49,Jul 24 00:46,N/A,N/A,N/A,N/A,N/A,N/A,N/A,N/A,,N/A
S1046,SUCCESS,8.055555555555557,36,,13651.,0.2741,0.14,Jul 23 16:50,Jul 24 00:53,N/A,N/A,N/A,N/A,N/A,N/A,N/A,N/A,,N/A
S1048,SUCCESS,8.234166666666665,36,,20611.,0.2758,0.18,Mar 15 18:17,Mar 16 02:31,N/A,N/A,N/A,N/A,N/A,N/A,N/A,N/A,,N/A
S1049,SUCCESS,6.458888888888889,28,,16155.,0.2675,0.22,Jul 23 16:53,Jul 23 23:20,N/A,N/A,N/A,N/A,N/A,N/A,N/A,N/A,,N/A
S1050,SUCCESS,7.610277777777777,32,,18314.,0.2511,1.70,Jul 23 16:55,Jul 24 00:32,N/A,N/A,N/A,N/A,N/A,N/A,N/A,N/A,,N/A
S1051,SUCCESS,8.918055555555554,36,,20663.,0.2470,1.24,Mar 15 18:14,Mar 16 03:09,N/A,N/A,N/A,N/A,N/A,N/A,N/A,N/A,,N/A
S1052,SUCCESS,3.8847222222222224,16,,9338.,0.2007,0.18,Jul 23 16:50,Jul 23 20:43,N/A,N/A,N/A,N/A,N/A,N/A,N/A,N/A,,N/A
S1053,SUCCESS,3.738888888888889,16,,8092.,0.1641,0.18,Jul 23 16:50,Jul 23 20:34,N/A,N/A,N/A,N/A,N/A,N/A,N/A,N/A,,N/A
S1054,SUCCESS,7.033888888888889,32,,17379.,0.2566,0.24,Jul 23 16:55,Jul 23 23:57,N/A,N/A,N/A,N/A,N/A,N/A,N/A,N/A,,N/A
S1055,SUCCESS,5.711944444444445,24,,13528.,0.2042,2.34,Jul 23 16:52,Jul 23 22:34,N/A,N/A,N/A,N/A,N/A,N/A,N/A,N/A,,N/A
S1056,SUCCESS,7.5183333333333335,32,,17713.,0.2249,1.62,Jul 23 16:55,Jul 24 00:26,N/A,N/A,N/A,N/A,N/A,N/A,N/A,N/A,,N/A
S1057,SUCCESS,6.338055555555555,28,,16241.,0.2475,1.01,Jul 23 16:52,Jul 23 23:13,N/A,N/A,N/A,N/A,N/A,N/A,N/A,N/A,,N/A
S1058,SUCCESS,3.5655555555555556,16,,8991.,0.1954,0.22,Jul 23 16:50,Jul 23 20:24,N/A,N/A,N/A,N/A,N/A,N/A,N/A,N/A,,N/A
S1059,SUCCESS,8.051111111111112,36,,20821.,0.2815,0.18,Mar 15 18:13,Mar 16 02:16,N/A,N/A,N/A,N/A,N/A,N/A,N/A,N/A,,N/A
S1060,SUCCESS,3.5941666666666667,16,,8946.,0.1962,0.15,Jul 23 16:50,Jul 23 20:26,N/A,N/A,N/A,N/A,N/A,N/A,N/A,N/A,,N/A
S1061,SUCCESS,8.126944444444446,36,,20725.,0.2849,0.20,Mar 15 18:15,Mar 16 02:22,N/A,N/A,N/A,N/A,N/A,N/A,N/A,N/A,,N/A
S1062,SUCCESS,5.329166666666667,24,,12986.,0.2253,0.87,Jul 23 16:50,Jul 23 22:10,N/A,N/A,N/A,N/A,N/A,N/A,N/A,N/A,,N/A
S1063,SUCCESS,11.016666666666667,48,,19740.,0.2599,0.59,Jul 23 16:59,Jul 24 04:00,N/A,N/A,N/A,N/A,N/A,N/A,N/A,N/A,,N/A
S1064,SUCCESS,6.460833333333333,28,,16952.,0.2766,0.14,Jul 23 16:52,Jul 23 23:20,N/A,N/A,N/A,N/A,N/A,N/A,N/A,N/A,,N/A
S1065,SUCCESS,5.2058333333333335,24,,12876.,0.2202,0.73,Jul 23 16:50,Jul 23 22:03,N/A,N/A,N/A,N/A,N/A,N/A,N/A,N/A,,N/A
S1066,SUCCESS,4.1658333333333335,20,,9917.,0.1905,0.15,Jul 23 16:51,Jul 23 21:01,N/A,N/A,N/A,N/A,N/A,N/A,N/A,N/A,,N/A
S1067,SUCCESS,7.155555555555556,32,,20060.,0.3221,0.19,Jul 23 17:01,Jul 24 00:10,N/A,N/A,N/A,N/A,N/A,N/A,N/A,N/A,,N/A
S1238,SUCCESS,8.534722222222221,36,,22327.,0.3190,0.36,Mar 15 18:13,Mar 16 02:45,N/A,N/A,N/A,N/A,N/A,N/A,N/A,N/A,,N/A
S1239,SUCCESS,7.763055555555556,32,,21584.,0.2961,1.63,Jul 23 16:58,Jul 24 00:44,N/A,N/A,N/A,N/A,N/A,N/A,N/A,N/A,,N/A
S1240,SUCCESS,7.056666666666667,32,,17415.,0.2526,0.74,Jul 23 16:57,Jul 24 00:00,N/A,N/A,N/A,N/A,N/A,N/A,N/A,N/A,,N/A
S1241,SUCCESS,9.222777777777777,40,,23191.,0.3138,0.26,Mar 15 18:15,Mar 16 03:29,N/A,N/A,N/A,N/A,N/A,N/A,N/A,N/A,,N/A
S1242,SUCCESS,4.3625,20,,10059.,0.2140,1.37,Jul 23 16:55,Jul 23 21:16,N/A,N/A,N/A,N/A,N/A,N/A,N/A,N/A,,N/A
S1243,SUCCESS,6.568611111111111,28,,16952.,0.2711,0.14,Jul 23 16:57,Jul 23 23:31,N/A,N/A,N/A,N/A,N/A,N/A,N/A,N/A,,N/A
S1244,SUCCESS,5.3175,24,,13494.,0.2469,0.89,Jul 23 16:55,Jul 23 22:14,N/A,N/A,N/A,N/A,N/A,N/A,N/A,N/A,,N/A
S1245,SUCCESS,8.310833333333335,36,,20765.,0.2991,0.18,Mar 15 18:13,Mar 16 02:32,N/A,N/A,N/A,N/A,N/A,N/A,N/A,N/A,,N/A
S1246,SUCCESS,9.860833333333334,40,,22240.,0.3267,1.10,Jul 23 17:00,Jul 24 02:51,N/A,N/A,N/A,N/A,N/A,N/A,N/A,N/A,,N/A
S1247,SUCCESS,8.144444444444444,36,,15250.,0.2859,0.63,Jul 23 16:55,Jul 24 01:03,N/A,N/A,N/A,N/A,N/A,N/A,N/A,N/A,,N/A
S1248,SUCCESS,12.404166666666667,52,,24802.,0.3189,0.37,Jul 23 17:01,Jul 24 05:25,N/A,N/A,N/A,N/A,N/A,N/A,N/A,N/A,,N/A
S1249,SUCCESS,9.22,40,,17013.,0.2891,0.15,Jul 23 16:57,Jul 24 02:10,N/A,N/A,N/A,N/A,N/A,N/A,N/A,N/A,,N/A
S1250,SUCCESS,10.368333333333334,44,,18299.,0.2504,1.30,Jul 23 16:56,Jul 24 03:18,N/A,N/A,N/A,N/A,N/A,N/A,N/A,N/A,,N/A
S1251,SUCCESS,7.314166666666667,32,,17876.,0.2585,0.64,Jul 23 16:58,Jul 24 00:17,N/A,N/A,N/A,N/A,N/A,N/A,N/A,N/A,,N/A
S1252,SUCCESS,4.072777777777778,20,,9907.,0.2274,0.27,Jul 23 16:55,Jul 23 21:00,N/A,N/A,N/A,N/A,N/A,N/A,N/A,N/A,,N/A
S1253,SUCCESS,5.191111111111112,24,,12529.,0.2396,0.12,Jul 23 16:54,Jul 23 22:05,N/A,N/A,N/A,N/A,N/A,N/A,N/A,N/A,,N/A
S1254,SUCCESS,8.679444444444444,36,,28579.,0.3534,1.54,Jul 23 17:02,Jul 24 01:43,N/A,N/A,N/A,N/A,N/A,N/A,N/A,N/A,,N/A
S1255,SUCCESS,6.608055555555556,28,,17851.,0.2932,0.17,Jul 23 16:57,Jul 23 23:34,N/A,N/A,N/A,N/A,N/A,N/A,N/A,N/A,,N/A
S1256,SUCCESS,8.830277777777777,36,,23608.,0.2992,0.21,Mar 15 18:13,Mar 16 03:03,N/A,N/A,N/A,N/A,N/A,N/A,N/A,N/A,,N/A
S1257,SUCCESS,5.946388888888889,24,,14252.,0.2762,0.18,Jul 23 17:00,Jul 23 22:57,N/A,N/A,N/A,N/A,N/A,N/A,N/A,N/A,,N/A
S1258,SUCCESS,7.38,32,,14741.,0.2369,0.19,Jul 23 17:01,Jul 24 00:24,N/A,N/A,N/A,N/A,N/A,N/A,N/A,N/A,,N/A
S1259,SUCCESS,9.62138888888889,40,,21253.,0.3112,0.17,Jul 23 17:04,Jul 24 02:41,N/A,N/A,N/A,N/A,N/A,N/A,N/A,N/A,,N/A
S1260,SUCCESS,9.5525,40,,20108.,0.3030,0.16,Jul 23 17:03,Jul 24 02:36,N/A,N/A,N/A,N/A,N/A,N/A,N/A,N/A,,N/A
S1261,SUCCESS,7.2375,32,,16998.,0.2878,0.14,Jul 23 17:01,Jul 24 00:15,N/A,N/A,N/A,N/A,N/A,N/A,N/A,N/A,,N/A
S1262,SUCCESS,8.337777777777779,36,,21489.,0.3133,0.10,Mar 15 18:13,Mar 16 02:33,N/A,N/A,N/A,N/A,N/A,N/A,N/A,N/A,,N/A
S1263,SUCCESS,7.891388888888889,32,,20963.,0.3143,0.21,Jul 23 17:01,Jul 24 00:55,N/A,N/A,N/A,N/A,N/A,N/A,N/A,N/A,,N/A
S1264,SUCCESS,5.9675,24,,14349.,0.2475,0.17,Jul 23 16:58,Jul 23 22:56,N/A,N/A,N/A,N/A,N/A,N/A,N/A,N/A,,N/A
S1265,SUCCESS,8.018611111111111,36,,13393.,0.2241,1.07,Jul 23 16:58,Jul 24 00:59,N/A,N/A,N/A,N/A,N/A,N/A,N/A,N/A,,N/A
S1266,SUCCESS,10.354722222222222,44,,21488.,0.2934,0.16,Jul 23 17:03,Jul 24 03:25,N/A,N/A,N/A,N/A,N/A,N/A,N/A,N/A,,N/A
S1267,SUCCESS,8.387777777777778,36,,17175.,0.2824,0.11,Jul 23 17:00,Jul 24 01:24,N/A,N/A,N/A,N/A,N/A,N/A,N/A,N/A,,N/A
S1268,SUCCESS,10.649444444444445,44,,20195.,0.2740,0.22,Jul 23 17:03,Jul 24 03:42,N/A,N/A,N/A,N/A,N/A,N/A,N/A,N/A,,N/A
S1269,SUCCESS,4.883333333333333,20,,9312.,0.2033,0.15,Jul 23 16:58,Jul 23 21:51,N/A,N/A,N/A,N/A,N/A,N/A,N/A,N/A,,N/A
S1270,SUCCESS,9.68888888888889,40,,21985.,0.2773,0.19,Mar 15 18:20,Mar 16 04:01,N/A,N/A,N/A,N/A,N/A,N/A,N/A,N/A,,N/A
S1271,SUCCESS,9.366111111111111,40,,20919.,0.3280,0.07,Mar 15 18:18,Mar 16 03:40,N/A,N/A,N/A,N/A,N/A,N/A,N/A,N/A,,N/A
S1272,SUCCESS,9.48611111111111,40,,18618.,0.2691,0.18,Jul 23 17:02,Jul 24 02:31,N/A,N/A,N/A,N/A,N/A,N/A,N/A,N/A,,N/A
S1273,SUCCESS,7.464444444444444,32,,14060.,0.2247,0.17,Jul 23 16:59,Jul 24 00:27,N/A,N/A,N/A,N/A,N/A,N/A,N/A,N/A,,N/A
S1274,SUCCESS,5.3886111111111115,24,,9651.,0.1745,0.16,Jul 23 16:58,Jul 23 22:21,N/A,N/A,N/A,N/A,N/A,N/A,N/A,N/A,,N/A
S1275,SUCCESS,9.405555555555557,40,,21281.,0.3063,0.08,Mar 15 18:21,Mar 16 03:45,N/A,N/A,N/A,N/A,N/A,N/A,N/A,N/A,,N/A
S1276,SUCCESS,8.673055555555555,36,,16988.,0.2606,0.12,Jul 23 17:00,Jul 24 01:40,N/A,N/A,N/A,N/A,N/A,N/A,N/A,N/A,,N/A
S1277,SUCCESS,6.636944444444444,28,,16802.,0.3038,0.06,Jul 23 17:04,Jul 23 23:43,N/A,N/A,N/A,N/A,N/A,N/A,N/A,N/A,,N/A
S1278,SUCCESS,6.351388888888889,28,,16370.,0.2819,0.13,Jul 23 17:03,Jul 23 23:24,N/A,N/A,N/A,N/A,N/A,N/A,N/A,N/A,,N/A
S1279,SUCCESS,10.555833333333334,44,,21143.,0.2825,0.18,Jul 23 17:07,Jul 24 03:40,N/A,N/A,N/A,N/A,N/A,N/A,N/A,N/A,,N/A
S1280,SUCCESS,8.716111111111111,36,,17684.,0.2862,0.13,Jul 23 17:05,Jul 24 01:48,N/A,N/A,N/A,N/A,N/A,N/A,N/A,N/A,,N/A
S1281,SUCCESS,10.114444444444445,44,,21309.,0.3106,0.08,Mar 15 18:19,Mar 16 04:26,N/A,N/A,N/A,N/A,N/A,N/A,N/A,N/A,,N/A
S1282,SUCCESS,5.012222222222222,24,,11949.,0.2461,0.15,Jul 23 17:02,Jul 23 22:02,N/A,N/A,N/A,N/A,N/A,N/A,N/A,N/A,,N/A
S1283,SUCCESS,6.043055555555555,28,,13958.,0.2421,0.16,Jul 23 17:03,Jul 23 23:06,N/A,N/A,N/A,N/A,N/A,N/A,N/A,N/A,,N/A
S1284,SUCCESS,7.366111111111111,32,,16810.,0.3066,0.06,Jul 23 17:04,Jul 24 00:26,N/A,N/A,N/A,N/A,N/A,N/A,N/A,N/A,,N/A
S1285,SUCCESS,7.363333333333333,32,,16227.,0.2778,0.22,Jul 23 17:03,Jul 24 00:25,N/A,N/A,N/A,N/A,N/A,N/A,N/A,N/A,,N/A
S1310,SUCCESS,13.346944444444444,56,,51578.,0.5993,3.69,Mar 15 18:12,Mar 16 07:33,N/A,N/A,N/A,N/A,N/A,N/A,N/A,N/A,,N/A
S1311,SUCCESS,8.015277777777778,36,,23054.,0.3744,1.77,Jul 23 17:05,Jul 24 01:06,N/A,N/A,N/A,N/A,N/A,N/A,N/A,N/A,,N/A
S1312,SUCCESS,12.748055555555554,52,,76670.,0.9219,3.14,Mar 15 18:18,Mar 16 07:03,N/A,N/A,N/A,N/A,N/A,N/A,N/A,N/A,,N/A
S1313,SUCCESS,7.051388888888889,32,,17780.,0.2191,8.08,Mar 15 17:29,Mar 16 00:33,N/A,N/A,N/A,N/A,N/A,N/A,N/A,N/A,,N/A
S1314,SUCCESS,9.017777777777779,40,,19809.,0.2920,1.91,Jul 23 17:06,Jul 24 02:07,N/A,N/A,N/A,N/A,N/A,N/A,N/A,N/A,,N/A
S1315,SUCCESS,12.726666666666667,52,,19535.,0.2118,2.26,Jul 23 17:07,Jul 24 05:51,N/A,N/A,N/A,N/A,N/A,N/A,N/A,N/A,,N/A
S1316,SUCCESS,4.930555555555556,20,,9432.,0.2131,0.20,Jul 23 17:03,Jul 23 21:58,N/A,N/A,N/A,N/A,N/A,N/A,N/A,N/A,,N/A
S1317,SUCCESS,8.129444444444445,36,,16931.,0.2820,0.10,Jul 23 17:05,Jul 24 01:13,N/A,N/A,N/A,N/A,N/A,N/A,N/A,N/A,,N/A
S1318,SUCCESS,11.9925,48,,19685.,0.2722,3.79,Jul 23 17:09,Jul 24 05:09,N/A,N/A,N/A,N/A,N/A,N/A,N/A,N/A,,N/A
S1319,SUCCESS,3.8055555555555554,16,,9333.,0.2046,0.16,Jul 23 17:03,Jul 23 20:51,N/A,N/A,N/A,N/A,N/A,N/A,N/A,N/A,,N/A
S1320,SUCCESS,8.887222222222222,36,,29960.,0.3502,3.74,Jul 23 17:06,Jul 24 01:59,N/A,N/A,N/A,N/A,N/A,N/A,N/A,N/A,,N/A
S1321,SUCCESS,9.442777777777778,40,,27300.,0.3690,4.23,Mar 15 18:24,Mar 16 03:51,N/A,N/A,N/A,N/A,N/A,N/A,N/A,N/A,,N/A
S1322,SUCCESS,5.970277777777778,24,,16864.,0.2976,0.10,Jul 23 17:09,Jul 23 23:07,N/A,N/A,N/A,N/A,N/A,N/A,N/A,N/A,,N/A
S1323,SUCCESS,4.264444444444444,20,,9881.,0.1804,1.86,Jul 23 17:07,Jul 23 21:23,N/A,N/A,N/A,N/A,N/A,N/A,N/A,N/A,,N/A
S1324,SUCCESS,7.751388888888889,32,,20134.,0.2658,0.16,Jul 23 17:12,Jul 24 00:57,N/A,N/A,N/A,N/A,N/A,N/A,N/A,N/A,,N/A
S1325,SUCCESS,6.718333333333334,28,,12428.,0.2227,0.14,Jul 23 17:06,Jul 23 23:49,N/A,N/A,N/A,N/A,N/A,N/A,N/A,N/A,,N/A
S1326,SUCCESS,8.47888888888889,36,,17333.,0.2509,0.46,Jul 23 17:10,Jul 24 01:39,N/A,N/A,N/A,N/A,N/A,N/A,N/A,N/A,,N/A
S1327,SUCCESS,6.109722222222222,28,,12880.,0.2490,0.22,Jul 23 17:06,Jul 23 23:13,N/A,N/A,N/A,N/A,N/A,N/A,N/A,N/A,,N/A
S1328,SUCCESS,8.101111111111111,36,,16882.,0.2628,0.19,Jul 23 17:10,Jul 24 01:16,N/A,N/A,N/A,N/A,N/A,N/A,N/A,N/A,,N/A
S1329,SUCCESS,10.504444444444445,44,,17584.,0.2135,1.92,Jul 23 17:11,Jul 24 03:41,N/A,N/A,N/A,N/A,N/A,N/A,N/A,N/A,,N/A
S1330,SUCCESS,5.13,24,,9182.,0.1682,0.43,Jul 23 17:06,Jul 23 22:14,N/A,N/A,N/A,N/A,N/A,N/A,N/A,N/A,,N/A
S1331,SUCCESS,8.121666666666668,36,,20669.,0.2770,0.23,Mar 15 18:17,Mar 16 02:24,N/A,N/A,N/A,N/A,N/A,N/A,N/A,N/A,,N/A
S1332,SUCCESS,5.294722222222222,24,,13692.,0.2355,0.18,Jul 23 17:06,Jul 23 22:24,N/A,N/A,N/A,N/A,N/A,N/A,N/A,N/A,,N/A
S1333,SUCCESS,5.871111111111111,24,,16252.,0.2838,0.19,Jul 23 17:07,Jul 23 22:59,N/A,N/A,N/A,N/A,N/A,N/A,N/A,N/A,,N/A
S1334,SUCCESS,4.906944444444445,20,,12925.,0.2424,0.23,Jul 23 17:06,Jul 23 22:01,N/A,N/A,N/A,N/A,N/A,N/A,N/A,N/A,,N/A
S1335,SUCCESS,7.235833333333334,32,,17376.,0.2341,0.72,Jul 23 17:10,Jul 24 00:24,N/A,N/A,N/A,N/A,N/A,N/A,N/A,N/A,,N/A
S1336,SUCCESS,5.263333333333334,24,,13661.,0.2464,0.18,Jul 23 17:07,Jul 23 22:22,N/A,N/A,N/A,N/A,N/A,N/A,N/A,N/A,,N/A
S1337,SUCCESS,10.330833333333333,44,,18825.,0.2356,1.18,Jul 23 17:13,Jul 24 03:33,N/A,N/A,N/A,N/A,N/A,N/A,N/A,N/A,,N/A
S1338,SUCCESS,5.3613888888888885,24,,12061.,0.2068,0.95,Jul 23 17:06,Jul 23 22:28,N/A,N/A,N/A,N/A,N/A,N/A,N/A,N/A,,N/A
S1339,SUCCESS,8.319166666666666,36,,20767.,0.2809,0.19,Mar 15 18:20,Mar 16 02:39,N/A,N/A,N/A,N/A,N/A,N/A,N/A,N/A,,N/A
S1340,SUCCESS,4.949166666666667,20,,12359.,0.2219,0.23,Jul 23 17:05,Jul 23 22:02,N/A,N/A,N/A,N/A,N/A,N/A,N/A,N/A,,N/A
S1341,SUCCESS,3.7013888888888893,16,,9298.,0.2050,0.08,Jul 23 17:10,Jul 23 20:52,N/A,N/A,N/A,N/A,N/A,N/A,N/A,N/A,,N/A
S1442,SUCCESS,6.952500000000001,28,,17605.,0.3062,0.71,Jul 23 17:12,Jul 24 00:09,N/A,N/A,N/A,N/A,N/A,N/A,N/A,N/A,,N/A
S1443,SUCCESS,9.387222222222222,40,,22272.,0.3087,1.42,Jul 23 17:15,Jul 24 02:38,N/A,N/A,N/A,N/A,N/A,N/A,N/A,N/A,,N/A
S1444,SUCCESS,7.783611111111111,32,,18232.,0.2996,0.56,Jul 23 17:14,Jul 24 01:01,N/A,N/A,N/A,N/A,N/A,N/A,N/A,N/A,,N/A
S1445,SUCCESS,7.154444444444445,32,,17245.,0.2908,0.46,Jul 23 17:13,Jul 24 00:22,N/A,N/A,N/A,N/A,N/A,N/A,N/A,N/A,,N/A
S1446,SUCCESS,4.567222222222222,20,,11010.,0.2493,0.84,Jul 23 17:10,Jul 23 21:44,N/A,N/A,N/A,N/A,N/A,N/A,N/A,N/A,,N/A
S1447,SUCCESS,5.59,24,,13130.,0.2221,0.62,Jul 23 17:09,Jul 23 22:45,N/A,N/A,N/A,N/A,N/A,N/A,N/A,N/A,,N/A
S1448,SUCCESS,6.610833333333333,28,,16263.,0.2546,0.14,Jul 23 17:11,Jul 23 23:47,N/A,N/A,N/A,N/A,N/A,N/A,N/A,N/A,,N/A
S1449,SUCCESS,7.1786111111111115,32,,19008.,0.3095,1.25,Jul 23 17:12,Jul 24 00:22,N/A,N/A,N/A,N/A,N/A,N/A,N/A,N/A,,N/A
S1450,SUCCESS,8.851111111111111,36,,23342.,0.3316,2.03,Jul 23 17:14,Jul 24 02:05,N/A,N/A,N/A,N/A,N/A,N/A,N/A,N/A,,N/A
S1451,SUCCESS,9.56638888888889,40,,24016.,0.3328,1.25,Mar 15 18:17,Mar 16 03:51,N/A,N/A,N/A,N/A,N/A,N/A,N/A,N/A,,N/A
S1452,SUCCESS,5.821944444444444,24,,14892.,0.2635,1.90,Jul 23 17:10,Jul 23 22:59,N/A,N/A,N/A,N/A,N/A,N/A,N/A,N/A,,N/A
S1453,SUCCESS,6.676111111111111,28,,17304.,0.2907,0.50,Jul 23 17:12,Jul 23 23:53,N/A,N/A,N/A,N/A,N/A,N/A,N/A,N/A,,N/A
S1454,SUCCESS,4.884444444444444,20,,12614.,0.2507,0.44,Jul 23 17:09,Jul 23 22:02,N/A,N/A,N/A,N/A,N/A,N/A,N/A,N/A,,N/A
S1455,SUCCESS,7.245555555555556,32,,13727.,0.2538,0.66,Jul 23 17:10,Jul 24 00:25,N/A,N/A,N/A,N/A,N/A,N/A,N/A,N/A,,N/A
S1456,SUCCESS,10.848611111111111,44,,22047.,0.2945,1.03,Jul 23 17:14,Jul 24 04:05,N/A,N/A,N/A,N/A,N/A,N/A,N/A,N/A,,N/A
S1457,SUCCESS,9.446944444444444,40,,19504.,0.2659,2.71,Jul 23 17:11,Jul 24 02:37,N/A,N/A,N/A,N/A,N/A,N/A,N/A,N/A,,N/A
S1458,SUCCESS,9.761388888888888,40,,22871.,0.3124,1.97,Mar 15 18:20,Mar 16 04:05,N/A,N/A,N/A,N/A,N/A,N/A,N/A,N/A,,N/A
S1459,SUCCESS,10.180555555555555,44,,23883.,0.2855,0.56,Mar 15 18:21,Mar 16 04:32,N/A,N/A,N/A,N/A,N/A,N/A,N/A,N/A,,N/A
S1460,SUCCESS,7.781111111111111,32,,17207.,0.2592,0.69,Jul 23 17:12,Jul 24 00:59,N/A,N/A,N/A,N/A,N/A,N/A,N/A,N/A,,N/A
S1461,SUCCESS,6.217222222222222,28,,13307.,0.2367,0.79,Jul 23 17:14,Jul 23 23:27,N/A,N/A,N/A,N/A,N/A,N/A,N/A,N/A,,N/A
S1462,SUCCESS,3.4694444444444446,16,,8605.,0.1955,0.09,Jul 23 17:13,Jul 23 20:41,N/A,N/A,N/A,N/A,N/A,N/A,N/A,N/A,,N/A
S1463,SUCCESS,9.658055555555556,40,,24281.,0.3017,0.50,Mar 15 18:11,Mar 16 03:51,N/A,N/A,N/A,N/A,N/A,N/A,N/A,N/A,,N/A
S1464,SUCCESS,6.473611111111111,28,,17767.,0.2918,0.18,Jul 23 17:15,Jul 23 23:43,N/A,N/A,N/A,N/A,N/A,N/A,N/A,N/A,,N/A
S1465,SUCCESS,5.328055555555555,24,,15575.,0.2790,0.32,Jul 23 17:13,Jul 23 22:33,N/A,N/A,N/A,N/A,N/A,N/A,N/A,N/A,,N/A
S1466,SUCCESS,8.586388888888889,36,,23831.,0.2864,1.06,Jul 23 17:18,Jul 24 01:53,N/A,N/A,N/A,N/A,N/A,N/A,N/A,N/A,,N/A
S1467,SUCCESS,6.899722222222222,28,,17537.,0.2505,0.70,Jul 23 17:15,Jul 24 00:09,N/A,N/A,N/A,N/A,N/A,N/A,N/A,N/A,,N/A
S1468,SUCCESS,6.447777777777778,28,,16273.,0.2470,0.21,Jul 23 17:15,Jul 23 23:42,N/A,N/A,N/A,N/A,N/A,N/A,N/A,N/A,,N/A
S1469,SUCCESS,8.208055555555555,36,,20810.,0.3152,0.16,Mar 15 18:12,Mar 16 02:24,N/A,N/A,N/A,N/A,N/A,N/A,N/A,N/A,,N/A
S1470,SUCCESS,10.599444444444446,44,,29695.,0.3558,3.48,Mar 15 18:23,Mar 16 04:59,N/A,N/A,N/A,N/A,N/A,N/A,N/A,N/A,,N/A
S1471,SUCCESS,7.682222222222222,32,,18646.,0.2756,0.36,Jul 23 17:16,Jul 24 00:57,N/A,N/A,N/A,N/A,N/A,N/A,N/A,N/A,,N/A
S1472,SUCCESS,7.469166666666667,32,,20722.,0.3081,2.67,Jul 23 17:15,Jul 24 00:43,N/A,N/A,N/A,N/A,N/A,N/A,N/A,N/A,,N/A
S1473,SUCCESS,7.6275,32,,18759.,0.3012,0.40,Jul 23 17:17,Jul 24 00:54,N/A,N/A,N/A,N/A,N/A,N/A,N/A,N/A,,N/A
S1474,SUCCESS,5.458333333333334,24,,15305.,0.2515,0.17,Jul 23 17:14,Jul 23 22:41,N/A,N/A,N/A,N/A,N/A,N/A,N/A,N/A,,N/A
S1475,SUCCESS,7.413611111111112,32,,20673.,0.3073,0.16,Jul 23 17:17,Jul 24 00:42,N/A,N/A,N/A,N/A,N/A,N/A,N/A,N/A,,N/A
S1476,SUCCESS,6.8116666666666665,28,,16820.,0.2514,0.72,Jul 23 17:15,Jul 24 00:04,N/A,N/A,N/A,N/A,N/A,N/A,N/A,N/A,,N/A
S1477,SUCCESS,10.111666666666666,44,,29193.,0.3857,3.40,Mar 15 18:17,Mar 16 04:24,N/A,N/A,N/A,N/A,N/A,N/A,N/A,N/A,,N/A
S1478,SUCCESS,9.210277777777778,40,,19189.,0.3084,0.80,Jul 23 17:16,Jul 24 02:29,N/A,N/A,N/A,N/A,N/A,N/A,N/A,N/A,,N/A
S1479,SUCCESS,10.4075,44,,23165.,0.2774,0.78,Mar 15 18:15,Mar 16 04:40,N/A,N/A,N/A,N/A,N/A,N/A,N/A,N/A,,N/A
S1480,SUCCESS,6.9591666666666665,28,,13958.,0.2412,0.17,Jul 23 17:14,Jul 24 00:11,N/A,N/A,N/A,N/A,N/A,N/A,N/A,N/A,,N/A
S1481,SUCCESS,6.657500000000001,28,,11579.,0.2153,2.78,Jul 23 17:17,Jul 23 23:56,N/A,N/A,N/A,N/A,N/A,N/A,N/A,N/A,,N/A
S1482,SUCCESS,9.184444444444445,40,,20767.,0.3204,0.97,Mar 15 18:15,Mar 16 03:26,N/A,N/A,N/A,N/A,N/A,N/A,N/A,N/A,,N/A
S1483,SUCCESS,7.6530555555555555,32,,17501.,0.2858,2.10,Jul 23 17:23,Jul 24 01:02,N/A,N/A,N/A,N/A,N/A,N/A,N/A,N/A,,N/A
S1484,SUCCESS,9.409166666666668,40,,21109.,0.3132,0.98,Mar 15 18:18,Mar 16 03:42,N/A,N/A,N/A,N/A,N/A,N/A,N/A,N/A,,N/A
S1485,SUCCESS,7.0811111111111105,32,,18432.,0.2870,0.44,Jul 23 17:22,Jul 24 00:26,N/A,N/A,N/A,N/A,N/A,N/A,N/A,N/A,,N/A
S1486,SUCCESS,7.189166666666667,32,,18554.,0.2597,1.35,Jul 23 17:22,Jul 24 00:33,N/A,N/A,N/A,N/A,N/A,N/A,N/A,N/A,,N/A
S1487,SUCCESS,8.809444444444445,36,,16936.,0.2373,2.92,Jul 23 17:19,Jul 24 02:08,N/A,N/A,N/A,N/A,N/A,N/A,N/A,N/A,,N/A
S1488,SUCCESS,9.44138888888889,40,,21163.,0.2723,1.34,Mar 15 18:15,Mar 16 03:41,N/A,N/A,N/A,N/A,N/A,N/A,N/A,N/A,,N/A
S1489,SUCCESS,8.942222222222222,36,,20398.,0.2983,0.63,Jul 23 17:22,Jul 24 02:18,N/A,N/A,N/A,N/A,N/A,N/A,N/A,N/A,,N/A
S1490,SUCCESS,3.833888888888889,16,,8294.,0.1954,0.09,Jul 23 17:17,Jul 23 21:07,N/A,N/A,N/A,N/A,N/A,N/A,N/A,N/A,,N/A
S1581,SUCCESS,8.918055555555554,36,,17457.,0.2572,0.55,Jul 23 17:23,Jul 24 02:18,N/A,N/A,N/A,N/A,N/A,N/A,N/A,N/A,,N/A
S1582,SUCCESS,10.2875,44,,17031.,0.2904,0.36,Jul 23 17:20,Jul 24 03:37,N/A,N/A,N/A,N/A,N/A,N/A,N/A,N/A,,N/A
S1583,SUCCESS,7.396944444444445,32,,18533.,0.2849,0.34,Jul 23 17:22,Jul 24 00:46,N/A,N/A,N/A,N/A,N/A,N/A,N/A,N/A,,N/A
S1584,SUCCESS,9.071388888888889,40,,21614.,0.3265,0.37,Mar 15 18:23,Mar 16 03:27,N/A,N/A,N/A,N/A,N/A,N/A,N/A,N/A,,N/A
S1585,SUCCESS,11.204166666666666,48,,17430.,0.2593,0.15,Jul 23 17:22,Jul 24 04:34,N/A,N/A,N/A,N/A,N/A,N/A,N/A,N/A,,N/A
S1586,SUCCESS,11.519722222222223,48,,19974.,0.3210,0.14,Jul 23 17:24,Jul 24 04:55,N/A,N/A,N/A,N/A,N/A,N/A,N/A,N/A,,N/A
S1587,SUCCESS,4.5874999999999995,20,,9925.,0.2142,0.18,Jul 23 17:18,Jul 23 21:54,N/A,N/A,N/A,N/A,N/A,N/A,N/A,N/A,,N/A
S1588,SUCCESS,8.220555555555556,36,,19996.,0.3231,0.12,Jul 23 17:23,Jul 24 01:37,N/A,N/A,N/A,N/A,N/A,N/A,N/A,N/A,,N/A
S1589,SUCCESS,10.546111111111111,44,,21552.,0.3151,0.79,Mar 15 18:22,Mar 16 04:55,N/A,N/A,N/A,N/A,N/A,N/A,N/A,N/A,,N/A
S1590,SUCCESS,11.326944444444445,48,,22682.,0.2972,3.39,Jul 23 17:24,Jul 24 04:43,N/A,N/A,N/A,N/A,N/A,N/A,N/A,N/A,,N/A
S1591,SUCCESS,7.290277777777778,32,,17258.,0.2802,2.88,Jul 23 17:23,Jul 24 00:41,N/A,N/A,N/A,N/A,N/A,N/A,N/A,N/A,,N/A
S1592,SUCCESS,7.2275,32,,16786.,0.2345,0.87,Jul 23 17:24,Jul 24 00:37,N/A,N/A,N/A,N/A,N/A,N/A,N/A,N/A,,N/A
S1593,SUCCESS,7.511666666666667,32,,17767.,0.2768,1.39,Jul 23 17:24,Jul 24 00:55,N/A,N/A,N/A,N/A,N/A,N/A,N/A,N/A,,N/A
S1594,SUCCESS,5.651111111111112,24,,13068.,0.2212,1.22,Jul 23 17:22,Jul 23 23:01,N/A,N/A,N/A,N/A,N/A,N/A,N/A,N/A,,N/A
S1595,SUCCESS,10.092222222222222,44,,20448.,0.2823,2.14,Mar 15 18:25,Mar 16 04:30,N/A,N/A,N/A,N/A,N/A,N/A,N/A,N/A,,N/A
S1596,SUCCESS,7.349444444444444,32,,13461.,0.2461,2.85,Jul 23 17:22,Jul 24 00:43,N/A,N/A,N/A,N/A,N/A,N/A,N/A,N/A,,N/A
S1597,SUCCESS,12.649166666666666,52,,23028.,0.2802,4.49,Jul 23 17:27,Jul 24 06:06,N/A,N/A,N/A,N/A,N/A,N/A,N/A,N/A,,N/A
S1598,SUCCESS,11.383055555555556,48,,19778.,0.2737,2.90,Jul 23 17:26,Jul 24 04:49,N/A,N/A,N/A,N/A,N/A,N/A,N/A,N/A,,N/A
S1599,SUCCESS,10.11888888888889,44,,21644.,0.3098,1.01,Mar 15 18:22,Mar 16 04:30,N/A,N/A,N/A,N/A,N/A,N/A,N/A,N/A,,N/A
S1600,SUCCESS,11.188333333333334,48,,22998.,0.2834,1.16,Mar 15 18:26,Mar 16 05:37,N/A,N/A,N/A,N/A,N/A,N/A,N/A,N/A,,N/A
S1601,SUCCESS,7.037222222222222,32,,16426.,0.2403,3.46,Jul 23 17:24,Jul 24 00:26,N/A,N/A,N/A,N/A,N/A,N/A,N/A,N/A,,N/A
S1602,SUCCESS,4.570833333333333,20,,10679.,0.2078,1.24,Jul 23 17:23,Jul 23 21:58,N/A,N/A,N/A,N/A,N/A,N/A,N/A,N/A,,N/A
S1603,SUCCESS,3.6680555555555556,16,,8431.,0.1867,0.33,Jul 23 17:22,Jul 23 21:02,N/A,N/A,N/A,N/A,N/A,N/A,N/A,N/A,,N/A
S1604,SUCCESS,6.238333333333333,28,,16857.,0.2859,0.10,Jul 23 17:25,Jul 23 23:39,N/A,N/A,N/A,N/A,N/A,N/A,N/A,N/A,,N/A
S1605,SUCCESS,10.391388888888889,44,,22479.,0.2889,2.84,Mar 15 18:24,Mar 16 04:47,N/A,N/A,N/A,N/A,N/A,N/A,N/A,N/A,,N/A
S1606,SUCCESS,7.186944444444444,32,,19176.,0.2786,1.44,Jul 23 17:24,Jul 24 00:35,N/A,N/A,N/A,N/A,N/A,N/A,N/A,N/A,,N/A
S1607,SUCCESS,7.098333333333333,32,,17910.,0.2541,0.43,Jul 23 17:25,Jul 24 00:31,N/A,N/A,N/A,N/A,N/A,N/A,N/A,N/A,,N/A
S1608,SUCCESS,11.23611111111111,48,,17966.,0.2488,1.25,Jul 23 17:25,Jul 24 04:39,N/A,N/A,N/A,N/A,N/A,N/A,N/A,N/A,,N/A
S1609,SUCCESS,8.886111111111111,36,,14619.,0.2199,1.06,Jul 23 17:23,Jul 24 02:16,N/A,N/A,N/A,N/A,N/A,N/A,N/A,N/A,,N/A
S1610,SUCCESS,10.955555555555556,44,,18596.,0.2652,0.24,Jul 23 17:26,Jul 24 04:23,N/A,N/A,N/A,N/A,N/A,N/A,N/A,N/A,,N/A
S1611,SUCCESS,7.185277777777778,32,,16904.,0.2578,2.92,Jul 23 17:28,Jul 24 00:39,N/A,N/A,N/A,N/A,N/A,N/A,N/A,N/A,,N/A
S1612,SUCCESS,5.294722222222222,24,,9183.,0.1863,0.13,Jul 23 17:25,Jul 23 22:43,N/A,N/A,N/A,N/A,N/A,N/A,N/A,N/A,,N/A
S1613,SUCCESS,8.48611111111111,36,,19854.,0.3043,0.87,Jul 23 17:27,Jul 24 01:57,N/A,N/A,N/A,N/A,N/A,N/A,N/A,N/A,,N/A
S1614,SUCCESS,10.081666666666667,44,,28110.,0.3828,2.98,Jul 23 17:31,Jul 24 03:36,N/A,N/A,N/A,N/A,N/A,N/A,N/A,N/A,,N/A
S1615,SUCCESS,10.110555555555555,44,,22418.,0.2869,0.88,Jul 23 17:31,Jul 24 03:37,N/A,N/A,N/A,N/A,N/A,N/A,N/A,N/A,,N/A
S1616,SUCCESS,9.328055555555554,40,,20726.,0.2654,2.70,Jul 23 17:28,Jul 24 02:47,N/A,N/A,N/A,N/A,N/A,N/A,N/A,N/A,,N/A
S1617,SUCCESS,9.589722222222223,40,,19479.,0.2868,1.49,Jul 23 17:29,Jul 24 03:04,N/A,N/A,N/A,N/A,N/A,N/A,N/A,N/A,,N/A
S1618,SUCCESS,6.473055555555556,28,,12316.,0.2400,0.18,Jul 23 17:26,Jul 23 23:54,N/A,N/A,N/A,N/A,N/A,N/A,N/A,N/A,,N/A
S1619,SUCCESS,10.255555555555556,44,,16154.,0.2293,3.68,Jul 23 17:27,Jul 24 03:43,N/A,N/A,N/A,N/A,N/A,N/A,N/A,N/A,,N/A
S1620,SUCCESS,9.376944444444446,40,,20633.,0.2914,1.31,Mar 15 18:22,Mar 16 03:45,N/A,N/A,N/A,N/A,N/A,N/A,N/A,N/A,,N/A
S1621,SUCCESS,11.016111111111112,48,,24689.,0.3563,4.26,Jul 23 17:28,Jul 24 04:29,N/A,N/A,N/A,N/A,N/A,N/A,N/A,N/A,,N/A
S1622,SUCCESS,10.274722222222223,44,,26976.,0.3183,1.89,Mar 15 18:25,Mar 16 04:42,N/A,N/A,N/A,N/A,N/A,N/A,N/A,N/A,,N/A
S1623,SUCCESS,8.828055555555554,36,,21913.,0.3088,2.68,Jul 23 17:31,Jul 24 02:21,N/A,N/A,N/A,N/A,N/A,N/A,N/A,N/A,,N/A
S1624,SUCCESS,7.920555555555556,32,,20346.,0.2898,2.59,Jul 23 17:29,Jul 24 01:24,N/A,N/A,N/A,N/A,N/A,N/A,N/A,N/A,,N/A
S1625,SUCCESS,5.945,24,,13144.,0.2395,2.26,Jul 23 17:26,Jul 23 23:23,N/A,N/A,N/A,N/A,N/A,N/A,N/A,N/A,,N/A
S1626,SUCCESS,7.591666666666667,32,,17048.,0.2498,0.21,Jul 23 17:28,Jul 24 01:04,N/A,N/A,N/A,N/A,N/A,N/A,N/A,N/A,,N/A
S1627,SUCCESS,6.166388888888889,28,,13932.,0.2400,0.35,Jul 23 17:26,Jul 23 23:36,N/A,N/A,N/A,N/A,N/A,N/A,N/A,N/A,,N/A
S1628,SUCCESS,6.730833333333334,28,,16853.,0.3048,0.05,Jul 23 17:29,Jul 24 00:13,N/A,N/A,N/A,N/A,N/A,N/A,N/A,N/A,,N/A
S1629,SUCCESS,12.395833333333332,52,,22009.,0.2939,2.88,Jul 23 17:30,Jul 24 05:54,N/A,N/A,N/A,N/A,N/A,N/A,N/A,N/A,,N/A
S1630,SUCCESS,7.168611111111112,32,,21079.,0.3039,2.80,Jul 23 17:27,Jul 24 00:37,N/A,N/A,N/A,N/A,N/A,N/A,N/A,N/A,,N/A
S1631,SUCCESS,9.054722222222223,40,,25205.,0.3134,0.62,Mar 17 18:46,Mar 18 03:50,N/A,N/A,N/A,N/A,N/A,N/A,N/A,N/A,,N/A
S1632,SUCCESS,7.129444444444444,32,,18342.,0.2703,0.62,Jul 23 17:32,Jul 24 00:40,N/A,N/A,N/A,N/A,N/A,N/A,N/A,N/A,,N/A
S1633,SUCCESS,6.594444444444444,28,,16524.,0.2566,2.63,Jul 23 17:31,Jul 24 00:07,N/A,N/A,N/A,N/A,N/A,N/A,N/A,N/A,,N/A
S1634,SUCCESS,7.777222222222222,32,,20502.,0.2790,0.17,Jul 23 17:34,Jul 24 01:21,N/A,N/A,N/A,N/A,N/A,N/A,N/A,N/A,,N/A
S1635,SUCCESS,6.426388888888889,28,,16379.,0.2701,0.97,Jul 23 17:31,Jul 23 23:57,N/A,N/A,N/A,N/A,N/A,N/A,N/A,N/A,,N/A
S1636,SUCCESS,3.8377777777777777,16,,9127.,0.1970,0.42,Jul 23 17:29,Jul 23 21:20,N/A,N/A,N/A,N/A,N/A,N/A,N/A,N/A,,N/A
S1637,SUCCESS,10.61361111111111,44,,17482.,0.2819,1.46,Jul 23 17:32,Jul 24 04:09,N/A,N/A,N/A,N/A,N/A,N/A,N/A,N/A,,N/A
S1638,SUCCESS,11.394444444444444,48,,23552.,0.3091,0.18,Mar 17 18:36,Mar 18 05:59,N/A,N/A,N/A,N/A,N/A,N/A,N/A,N/A,,N/A
S1639,SUCCESS,6.790555555555556,28,,18014.,0.2717,0.93,Jul 23 17:31,Jul 24 00:19,N/A,N/A,N/A,N/A,N/A,N/A,N/A,N/A,,N/A
S1640,SUCCESS,6.507777777777778,28,,16649.,0.2507,0.13,Jul 23 17:31,Jul 24 00:01,N/A,N/A,N/A,N/A,N/A,N/A,N/A,N/A,,N/A
S1641,SUCCESS,12.408888888888889,52,,21144.,0.3261,0.11,Mar 17 18:43,Mar 18 07:08,N/A,N/A,N/A,N/A,N/A,N/A,N/A,N/A,,N/A
S1642,SUCCESS,4.900555555555556,20,,13379.,0.2481,0.19,Jul 23 17:30,Jul 23 22:24,N/A,N/A,N/A,N/A,N/A,N/A,N/A,N/A,,N/A
S1643,SUCCESS,6.323888888888889,28,,17762.,0.2877,0.15,Jul 23 17:33,Jul 23 23:53,N/A,N/A,N/A,N/A,N/A,N/A,N/A,N/A,,N/A
S1644,SUCCESS,3.403888888888889,16,,8196.,0.1791,0.15,Jul 24 01:45,Jul 24 05:09,N/A,N/A,N/A,N/A,N/A,N/A,N/A,N/A,,N/A
